#
# There is insufficient memory for the Java Runtime Environment to continue.
# Native memory allocation (malloc) failed to allocate 1069536 bytes. Error detail: Chunk::new
# Possible reasons:
#   The system is out of physical RAM or swap space
#   This process is running with CompressedOops enabled, and the Java Heap may be blocking the growth of the native heap
# Possible solutions:
#   Reduce memory load on the system
#   Increase physical memory or swap space
#   Check if swap backing store is full
#   Decrease Java heap size (-Xmx/-Xms)
#   Decrease number of Java threads
#   Decrease Java thread stack sizes (-Xss)
#   Set larger code cache with -XX:ReservedCodeCacheSize=
#   JVM is running with Zero Based Compressed Oops mode in which the Java heap is
#     placed in the first 32GB address space. The Java Heap base address is the
#     maximum limit for the native heap growth. Please use -XX:HeapBaseMinAddress
#     to set the Java Heap base and to place the Java Heap above 32GB virtual address.
# This output file may be truncated or incomplete.
#
#  Out of Memory Error (arena.cpp:191), pid=37356, tid=73972
#
# JRE version: OpenJDK Runtime Environment Corretto-17.0.11.9.1 (17.0.11+9) (build 17.0.11+9-LTS)
# Java VM: OpenJDK 64-Bit Server VM Corretto-17.0.11.9.1 (17.0.11+9-LTS, mixed mode, sharing, tiered, compressed oops, compressed class ptrs, g1 gc, windows-amd64)
# No core dump will be written. Minidumps are not enabled by default on client versions of Windows
#

---------------  S U M M A R Y ------------

Command Line: -ea -Didea.test.cyclic.buffer.size=1048576 -javaagent:C:\Program Files\JetBrains\IntelliJ IDEA 2022.1\lib\idea_rt.jar=64238:C:\Program Files\JetBrains\IntelliJ IDEA 2022.1\bin -Dfile.encoding=UTF-8 com.intellij.rt.testng.RemoteTestNGStarter -usedefaultlisteners false -socket64237 @w@C:\Users\hp\AppData\Local\Temp\idea_working_dirs_testng.tmp -temp C:\Users\hp\AppData\Local\Temp\idea_testng.tmp

Host: 11th Gen Intel(R) Core(TM) i5-1135G7 @ 2.40GHz, 8 cores, 19G,  Windows 11 , 64 bit Build 22621 (10.0.22621.4391)
Time: Mon Dec 23 18:15:28 2024 Pakistan Standard Time elapsed time: 48.141883 seconds (0d 0h 0m 48s)

---------------  T H R E A D  ---------------

Current thread (0x000002b9e9a3d640):  JavaThread "C2 CompilerThread1" daemon [_thread_in_native, id=73972, stack(0x000000f299a00000,0x000000f299b00000)]


Current CompileTask:
C2:  48141 8108       4       java.net.URLStreamHandler::parseURL (1201 bytes)

Stack: [0x000000f299a00000,0x000000f299b00000]
Native frames: (J=compiled Java code, j=interpreted, Vv=VM code, C=native code)
V  [jvm.dll+0x67d009]
V  [jvm.dll+0x83489a]
V  [jvm.dll+0x83635e]
V  [jvm.dll+0x8369c3]
V  [jvm.dll+0x2479df]
V  [jvm.dll+0xac534]
V  [jvm.dll+0xacb7c]
V  [jvm.dll+0x2aeecf]
V  [jvm.dll+0x5844d7]
V  [jvm.dll+0x2229d2]
V  [jvm.dll+0x222dcf]
V  [jvm.dll+0x21bef0]
V  [jvm.dll+0x2193f1]
V  [jvm.dll+0x1a524d]
V  [jvm.dll+0x22920d]
V  [jvm.dll+0x2273dc]
V  [jvm.dll+0x7e9a07]
V  [jvm.dll+0x7e3e0a]
V  [jvm.dll+0x67bef5]
C  [ucrtbase.dll+0x29333]
C  [KERNEL32.DLL+0x1259d]
C  [ntdll.dll+0x5af38]


---------------  P R O C E S S  ---------------

Threads class SMR info:
_java_thread_list=0x000002b9e8a654e0, length=804, elements={
0x000002b9f932f7d0, 0x000002b9fde0cdd0, 0x000002b9fde0d990, 0x000002b9fde20da0,
0x000002b9fde21960, 0x000002b9fde26340, 0x000002b9fde26d00, 0x000002b9fde27aa0,
0x000002b9fde3d360, 0x000002b9fde3dc70, 0x000002b9fddf7f50, 0x000002b9a0b561a0,
0x000002b9a0b56680, 0x000002b9e7458740, 0x000002b9e6dfcc70, 0x000002b9e6dfd150,
0x000002b9e6dfd630, 0x000002b9e7380d30, 0x000002b9e7381210, 0x000002b9e6a46df0,
0x000002b9e6a47300, 0x000002b9e6a44a80, 0x000002b9e6a454a0, 0x000002b9e7745300,
0x000002b9e89bdfd0, 0x000002b9e89be4e0, 0x000002b9e911aa40, 0x000002b9e6f205e0,
0x000002b9e7744df0, 0x000002b9e6a47810, 0x000002b9e7743ec0, 0x000002b9e89bdac0,
0x000002b9e9567200, 0x000002b9e6f1d6a0, 0x000002b9e911af50, 0x000002b9e911b460,
0x000002b9e6f1ec90, 0x000002b9e7745810, 0x000002b9e6f1f1a0, 0x000002b9e6f1f6b0,
0x000002b9e6a459b0, 0x000002b9e77443d0, 0x000002b9e77448e0, 0x000002b9e6a44f90,
0x000002b9e8b8a130, 0x000002b9e6a45ec0, 0x000002b9e6a463d0, 0x000002b9e913dc20,
0x000002b9e911be80, 0x000002b9e6f1fbc0, 0x000002b9e6f1cc80, 0x000002b9e6f1dbb0,
0x000002b9e6f1d190, 0x000002b9e6f1e0c0, 0x000002b9e6f1e5d0, 0x000002b9e9852cc0,
0x000002b9e98531d0, 0x000002b9e98536e0, 0x000002b9e911b970, 0x000002b9e89b5c90,
0x000002b9e913d200, 0x000002b9e89b7af0, 0x000002b9e6f200d0, 0x000002b9e6c3cf00,
0x000002b9e8b89200, 0x000002b9e9851d90, 0x000002b9e98522a0, 0x000002b9e6c3fad0,
0x000002b9e6c3ffe0, 0x000002b9e8b882d0, 0x000002b9e89b61a0, 0x000002b9e73d0b90,
0x000002b9e913ae90, 0x000002b9e9567710, 0x000002b9e73d10a0, 0x000002b9e89b8f30,
0x000002b9e89b66b0, 0x000002b9e89b9440, 0x000002b9e6c3bac0, 0x000002b9e6c3e180,
0x000002b9e6c3f0b0, 0x000002b9e9567c20, 0x000002b9e9568640, 0x000002b9e9568130,
0x000002b9e6c3dc70, 0x000002b9e6c39750, 0x000002b9e6c3e690, 0x000002b9e6c3d760,
0x000002b9e6c3f5c0, 0x000002b9e9568b50, 0x000002b9e6fdaa00, 0x000002b9e73d0680,
0x000002b9e73d1fd0, 0x000002b9e911c390, 0x000002b9e6cd00e0, 0x000002b9e6ccdd70,
0x000002b9e6cd1010, 0x000002b9e6cce280, 0x000002b9e6ccfbd0, 0x000002b9e6cce790,
0x000002b9e6cd0b00, 0x000002b9e6cd05f0, 0x000002b9e6cceca0, 0x000002b9e6c404f0,
0x000002b9e6c40a00, 0x000002b9e6c40f10, 0x000002b9e6c3eba0, 0x000002b9e7609c70,
0x000002b9e760a180, 0x000002b9e760a690, 0x000002b9e7608830, 0x000002b9e7609250,
0x000002b9e7608d40, 0x000002b9e8b86980, 0x000002b9e8b89c20, 0x000002b9e8b86e90,
0x000002b9e8b873a0, 0x000002b9e8b87dc0, 0x000002b9e8b878b0, 0x000002b9e8b887e0,
0x000002b9e913a980, 0x000002b9e913bdc0, 0x000002b9e913c7e0, 0x000002b9e8b88cf0,
0x000002b9e89b75e0, 0x000002b9e89b8a20, 0x000002b9e89b8000, 0x000002b9e89b6bc0,
0x000002b9e89b70d0, 0x000002b9e6ccd860, 0x000002b9e913e130, 0x000002b9e6c3a680,
0x000002b9e6c3b5b0, 0x000002b9e73d0170, 0x000002b9e6c3c4e0, 0x000002b9e6fdaf10,
0x000002b9e73d15b0, 0x000002b9e73d1ac0, 0x000002b9e73ced30, 0x000002b9e913b3a0,
0x000002b9e913c2d0, 0x000002b9e913ccf0, 0x000002b9e913b8b0, 0x000002b9e89b8510,
0x000002b9e6a44570, 0x000002b9e8b89710, 0x000002b9e73ce820, 0x000002b9e73cf240,
0x000002b9e6c3bfd0, 0x000002b9eccffab0, 0x000002b9eccfeb80, 0x000002b9e7607900,
0x000002b9e73cf750, 0x000002b9e6c39c60, 0x000002b9e6ccf1b0, 0x000002b9eccb01c0,
0x000002b9e73cfc60, 0x000002b9eccff090, 0x000002b9eccff5a0, 0x000002b9e6fdbe40,
0x000002b9eccb2530, 0x000002b9e6fdcd70, 0x000002b9e8b61bd0, 0x000002b9e8b5fd70,
0x000002b9e8b620e0, 0x000002b9e760aba0, 0x000002b9e8b5e930, 0x000002b9e6c3ab90,
0x000002b9e7608320, 0x000002b9e7609760, 0x000002b9e6c3b0a0, 0x000002b9eaeb6b10,
0x000002b9e6fd9fe0, 0x000002b9e6ccf6c0, 0x000002b9e7607e10, 0x000002b9ed4dbff0,
0x000002b9eccb06d0, 0x000002b9e6fdc860, 0x000002b9eaf197e0, 0x000002b9e6fda4f0,
0x000002b9eaf188b0, 0x000002b9eaf17e90, 0x000002b9e6fdb420, 0x000002b9eb177a10,
0x000002b9eb176ae0, 0x000002b9eccb0be0, 0x000002b9ed4dbae0, 0x000002b9ed4de870,
0x000002b9ed4de360, 0x000002b9ed4dc500, 0x000002b9ed4dcf20, 0x000002b9ed4dca10,
0x000002b9ed4dde50, 0x000002b9ed4dd430, 0x000002b9ed4dd940, 0x000002b9ed4db0c0,
0x000002b9ed4db5d0, 0x000002b9ed54c210, 0x000002b9eccb2f50, 0x000002b9eccfc300,
0x000002b9eccfc810, 0x000002b9eccfcd20, 0x000002b9eaf183a0, 0x000002b9e6fdb930,
0x000002b9eccfd230, 0x000002b9eccfd740, 0x000002b9eccfdc50, 0x000002b9ed54c720,
0x000002b9eccfe160, 0x000002b9eccfe670, 0x000002b9eaf192d0, 0x000002b9eaf18dc0,
0x000002b9e6fdc350, 0x000002b9ed54cc30, 0x000002b9ed549480, 0x000002b9ed54a3b0,
0x000002b9eb176ff0, 0x000002b9eaeb7020, 0x000002b9e8b5ee40, 0x000002b9ecddd7a0,
0x000002b9eb177500, 0x000002b9eb177f20, 0x000002b9eccb10f0, 0x000002b9eccb1b10,
0x000002b9eccb2a40, 0x000002b9e6fdd280, 0x000002b9eb178430, 0x000002b9edb8c890,
0x000002b9edb8cda0, 0x000002b9ea792790, 0x000002b9ea793bd0, 0x000002b9ea792ca0,
0x000002b9edb8d2b0, 0x000002b9eaeb5be0, 0x000002b9eaeb7f50, 0x000002b9eaeb9390,
0x000002b9eaeb8460, 0x000002b9e8b5f350, 0x000002b9ed549990, 0x000002b9ecddb940,
0x000002b9edb8e1e0, 0x000002b9e8b611b0, 0x000002b9e8b5f860, 0x000002b9e8b60280,
0x000002b9e8b60790, 0x000002b9edb8d7c0, 0x000002b9e8b60ca0, 0x000002b9edb8dcd0,
0x000002b9ed211150, 0x000002b9e8b616c0, 0x000002b9e9a8e580, 0x000002b9e9a8c720,
0x000002b9eaeb7530, 0x000002b9eaeb60f0, 0x000002b9eaeb6600, 0x000002b9e9a8db60,
0x000002b9ea792280, 0x000002b9ea7931b0, 0x000002b9ed210730, 0x000002b9ecddc360,
0x000002b9ebba2300, 0x000002b9e9a8e070, 0x000002b9eccb2020, 0x000002b9ed211b70,
0x000002b9ebba2810, 0x000002b9ed210c40, 0x000002b9eccaf7a0, 0x000002b9ea7936c0,
0x000002b9ecddbe50, 0x000002b9eccafcb0, 0x000002b9ecddaa10, 0x000002b9ecddaf20,
0x000002b9ecddb430, 0x000002b9ecddc870, 0x000002b9e9a8cc30, 0x000002b9e9a8bd00,
0x000002b9eaeb7a40, 0x000002b9ed20f2f0, 0x000002b9ed210220, 0x000002b9eaeb8970,
0x000002b9ed54add0, 0x000002b9ed549ea0, 0x000002b9ed211660, 0x000002b9ed20ede0,
0x000002b9ed20e3c0, 0x000002b9ed54b7f0, 0x000002b9ebba0ec0, 0x000002b9ed54a8c0,
0x000002b9ed54b2e0, 0x000002b9e9a8b2e0, 0x000002b9ea275f80, 0x000002b9ea2773c0,
0x000002b9e9a8d140, 0x000002b9e7fce0e0, 0x000002b9e7fce5f0, 0x000002b9e7fcdbd0,
0x000002b9e7fceb00, 0x000002b9e7fcf010, 0x000002b9eaeb8e80, 0x000002b9e6c32680,
0x000002b9ed20e8d0, 0x000002b9e6c31750, 0x000002b9e9a8b7f0, 0x000002b9e6c32b90,
0x000002b9e9a8add0, 0x000002b9ea276490, 0x000002b9ed54bd00, 0x000002b9ed20f800,
0x000002b9e9a8c210, 0x000002b9ea275a70, 0x000002b9e9a8d650, 0x000002b9e6c2cd20,
0x000002b9ea274120, 0x000002b9ebb9f570, 0x000002b9e75094d0, 0x000002b9ea274b40,
0x000002b9ea275560, 0x000002b9ea274630, 0x000002b9ebb9fa80, 0x000002b9e75085a0,
0x000002b9e6c330a0, 0x000002b9ea120b30, 0x000002b9e6c2e160, 0x000002b9ea120110,
0x000002b9e6c335b0, 0x000002b9e7fcd6c0, 0x000002b9e6c33ac0, 0x000002b9ea11ecd0,
0x000002b9ea121a60, 0x000002b9ebba13d0, 0x000002b9ea121f70, 0x000002b9ea122480,
0x000002b9ea11fc00, 0x000002b9ea120620, 0x000002b9ea121040, 0x000002b9ea121550,
0x000002b9ea11f1e0, 0x000002b9e6c2f5a0, 0x000002b9e6c33fd0, 0x000002b9e6c30820,
0x000002b9e6c31c60, 0x000002b9e6c30d30, 0x000002b9ea11f6f0, 0x000002b9e6c32170,
0x000002b9e6c31240, 0x000002b9ec3b9810, 0x000002b9ec3b6f90, 0x000002b9ec3b9d20,
0x000002b9ec3b74a0, 0x000002b9ebdd1d60, 0x000002b9eaeb1b10, 0x000002b9e6c2d230,
0x000002b9ebdd2780, 0x000002b9e7508ab0, 0x000002b9ebdd0e30, 0x000002b9ebdd2270,
0x000002b9e750b840, 0x000002b9ebdd3bc0, 0x000002b9eaeb10f0, 0x000002b9ecdd9ff0,
0x000002b9ecdda500, 0x000002b9ecddcd80, 0x000002b9e7508090, 0x000002b9ea275050,
0x000002b9ea2769a0, 0x000002b9eaeb2a40, 0x000002b9eaeafcb0, 0x000002b9ebdd45e0,
0x000002b9ec3b8df0, 0x000002b9ebdd1340, 0x000002b9e6c2d740, 0x000002b9e6c2e670,
0x000002b9e750a400, 0x000002b9e7509ef0, 0x000002b9ea276eb0, 0x000002b9ebdd1850,
0x000002b9ebba1df0, 0x000002b9ebba18e0, 0x000002b9ecddd290, 0x000002b9e6c2dc50,
0x000002b9ebba04a0, 0x000002b9ebb9f060, 0x000002b9eaeaf7a0, 0x000002b9eaeb1600,
0x000002b9eaeb2530, 0x000002b9eaeb01c0, 0x000002b9eaeb06d0, 0x000002b9eaeaf290,
0x000002b9eaeb0be0, 0x000002b9eaeb2020, 0x000002b9ebdd2c90, 0x000002b9ebdd40d0,
0x000002b9ebdd31a0, 0x000002b9ebdd36b0, 0x000002b9ebb9ff90, 0x000002b9ed99bc10,
0x000002b9e7508fc0, 0x000002b9e6c2f090, 0x000002b9e75099e0, 0x000002b9e6c2eb80,
0x000002b9ed999db0, 0x000002b9ed99c630, 0x000002b9ed99cb40, 0x000002b9ed99b700,
0x000002b9e617e970, 0x000002b9e617d020, 0x000002b9e617ee80, 0x000002b9e617da40,
0x000002b9e750a910, 0x000002b9ea273c10, 0x000002b9ebba09b0, 0x000002b9e861d670,
0x000002b9e617b6d0, 0x000002b9eccd8940, 0x000002b9e861c740, 0x000002b9ed99a2c0,
0x000002b9e750ae20, 0x000002b9ed999390, 0x000002b9e617e460, 0x000002b9e617cb10,
0x000002b9eccd7f20, 0x000002b9a0aa3060, 0x000002b9e750b330, 0x000002b9e6c2ffc0,
0x000002b9eccd8430, 0x000002b9eccd9870, 0x000002b9e611dec0, 0x000002b9e861cc50,
0x000002b9e861eab0, 0x000002b9e861c230, 0x000002b9e6c2c810, 0x000002b9e617bbe0,
0x000002b9ec3b79b0, 0x000002b9ec3b7ec0, 0x000002b9e861e090, 0x000002b9a0aa2640,
0x000002b9ed99a7d0, 0x000002b9ec3b6570, 0x000002b9ed99c120, 0x000002b9e617c0f0,
0x000002b9a0aa3a80, 0x000002b9eccd8e50, 0x000002b9eccd9360, 0x000002b9ec3b6a80,
0x000002b9e74e0430, 0x000002b9a0aa3f90, 0x000002b9eb742580, 0x000002b9e74e0940,
0x000002b9e74de0c0, 0x000002b9ec3b83d0, 0x000002b9ec3b88e0, 0x000002b9e74dfa10,
0x000002b9e74e0e50, 0x000002b9ec3b9300, 0x000002b9e74e1360, 0x000002b9e74dff20,
0x000002b9ed99ace0, 0x000002b9e74de5d0, 0x000002b9e74deae0, 0x000002b9ea85ea90,
0x000002b9e74e1870, 0x000002b9ea85c210, 0x000002b9eb742a90, 0x000002b9e74deff0,
0x000002b9e861f9e0, 0x000002b9e861e5a0, 0x000002b9e861d160, 0x000002b9e861db80,
0x000002b9e611f810, 0x000002b9ed9998a0, 0x000002b9eb7434b0, 0x000002b9ea85d650,
0x000002b9e861efc0, 0x000002b9e617d530, 0x000002b9e861f4d0, 0x000002b9a0aa2b50,
0x000002b9a0aa3570, 0x000002b9eb7439c0, 0x000002b9eb741140, 0x000002b9eb742fa0,
0x000002b9eb741650, 0x000002b9eb740210, 0x000002b9eb740720, 0x000002b9eb740c30,
0x000002b9eb741b60, 0x000002b9e74df500, 0x000002b9e617df50, 0x000002b9ed99b1f0,
0x000002b9e617c600, 0x000002b9e611e3d0, 0x000002b9ea85cc30, 0x000002b9e6a6bee0,
0x000002b9e6a6ce10, 0x000002b9e6a6afb0, 0x000002b9ec0bb6b0, 0x000002b9ec0bd350,
0x000002b9ec0b8e30, 0x000002b9ec0b9340, 0x000002b9ea85db60, 0x000002b9e7192b60,
0x000002b9eb742070, 0x000002b9ea85e070, 0x000002b9ec0b9850, 0x000002b9ec0bd860,
0x000002b9e7193070, 0x000002b9e6a6a080, 0x000002b9e6a6c3f0, 0x000002b9e611e8e0,
0x000002b9e7193a90, 0x000002b9ecd55940, 0x000002b9ec0bc930, 0x000002b9ec0ba270,
0x000002b9ea85e580, 0x000002b9ea85f9c0, 0x000002b9ea85c720, 0x000002b9ec0bac90,
0x000002b9ecd52bb0, 0x000002b9ec0bbbc0, 0x000002b9ecd530c0, 0x000002b9ea85d140,
0x000002b9ec0bc420, 0x000002b9e7194ed0, 0x000002b9ec0b9d60, 0x000002b9ecd55e50,
0x000002b9ec0be280, 0x000002b9ec0bf6c0, 0x000002b9e6a6d320, 0x000002b9e6a6c900,
0x000002b9ecd54f20, 0x000002b9ecd55430, 0x000002b9ec0bce40, 0x000002b9ec0bdd70,
0x000002b9e9f320c0, 0x000002b9e6a6d830, 0x000002b9e6a6a590, 0x000002b9e6a6aaa0,
0x000002b9e7192140, 0x000002b9ec0be790, 0x000002b9e9f2f840, 0x000002b9e9f31190,
0x000002b9e611edf0, 0x000002b9e611f300, 0x000002b9ee48d650, 0x000002b9e71949c0,
0x000002b9ee48ea90, 0x000002b9ee48f4b0, 0x000002b9e7193fa0, 0x000002b9e9f32ae0,
0x000002b9ee48e070, 0x000002b9ecd56360, 0x000002b9ecd535d0, 0x000002b9ecd53ae0,
0x000002b9ec0beca0, 0x000002b9ec0bf1b0, 0x000002b9ea85efa0, 0x000002b9ea85f4b0,
0x000002b9ecd53ff0, 0x000002b9ecd54500, 0x000002b9ecd54a10, 0x000002b9e6a6b4c0,
0x000002b9e6a6b9d0, 0x000002b9ec4c8080, 0x000002b9ec4c5800, 0x000002b9ec4c6220,
0x000002b9ec4c6730, 0x000002b9ec4c7660, 0x000002b9e71953e0, 0x000002b9a0d391b0,
0x000002b9a0d396c0, 0x000002b9e64dc570, 0x000002b9ec4c6c40, 0x000002b9e9f30260,
0x000002b9a0d39bd0, 0x000002b9a0d3a0e0, 0x000002b9a0d3a5f0, 0x000002b9a0a4bd10,
0x000002b9ec4c7150, 0x000002b9a0d37d70, 0x000002b9a0d37860, 0x000002b9ec4c8fb0,
0x000002b9a0d3ab00, 0x000002b9a0d3b010, 0x000002b9e64d8dc0, 0x000002b9e7191c30,
0x000002b9a0a4b800, 0x000002b9a0a49eb0, 0x000002b9a0a48560, 0x000002b9ec0b8410,
0x000002b9ec0bb1a0, 0x000002b9a0a48f80, 0x000002b9ec4c5d10, 0x000002b9ec4c7b70,
0x000002b9ec4c8aa0, 0x000002b9ee48db60, 0x000002b9ec0ba780, 0x000002b9e9f2fd50,
0x000002b9e9f30770, 0x000002b9e9f32ff0, 0x000002b9ec0b8920, 0x000002b9e6bd8a80,
0x000002b9e6bdb300, 0x000002b9ee48d140, 0x000002b9ee48c210, 0x000002b9ee48efa0,
0x000002b9ee48e580, 0x000002b9ee48bd00, 0x000002b9a0a499a0, 0x000002b9a0a48a70,
0x000002b9e9f316a0, 0x000002b9e9f325d0, 0x000002b9e9f30c80, 0x000002b9a0a4a3c0,
0x000002b9e7192650, 0x000002b9e7193580, 0x000002b9e9f31bb0, 0x000002b9a0a4ade0,
0x000002b9a0a49490, 0x000002b9e6bd8060, 0x000002b9e6bda8e0, 0x000002b9e6bdadf0,
0x000002b9e66d0920, 0x000002b9e66d2270, 0x000002b9e66d2780, 0x000002b9e6bd94a0,
0x000002b9e6bd99b0, 0x000002b9e6bdb810, 0x000002b9e66d2c90, 0x000002b9e66cf4e0,
0x000002b9e66d0e30, 0x000002b9ee48c720, 0x000002b9ee48cc30, 0x000002b9ecc7a4a0,
0x000002b9a0d38790, 0x000002b9e64db130, 0x000002b9e64db640, 0x000002b9e64da710,
0x000002b9e64d92d0, 0x000002b9e66d1340, 0x000002b9eccb1600, 0x000002b9e9b8e1e0,
0x000002b9e9b8dcd0, 0x000002b9e71944b0, 0x000002b9e8a2b370, 0x000002b9e8a2ae60,
0x000002b9e66cf9f0, 0x000002b9a0a4a8d0, 0x000002b9ecc7c810, 0x000002b9ecc79570,
0x000002b9e64dac20, 0x000002b9e64dbb50, 0x000002b9e66d0410, 0x000002b9e64dc060,
0x000002b9e9b8f110, 0x000002b9e64d97e0, 0x000002b9ecc7a9b0, 0x000002b9e9b8e6f0,
0x000002b9e9b8f620, 0x000002b9e9b8ec00, 0x000002b9ed8b3fb0, 0x000002b9e6bd8f90,
0x000002b9e6bd8570, 0x000002b9a0d38280, 0x000002b9a0d38ca0, 0x000002b9ec0bfbd0,
0x000002b9e64d9cf0, 0x000002b9e66d1850, 0x000002b9ed8b44c0, 0x000002b9ed8b49d0,
0x000002b9ed8b3aa0, 0x000002b9e7f59c90, 0x000002b9e7f58340, 0x000002b9e7f58850,
0x000002b9e64da200, 0x000002b9eac53420, 0x000002b9ecc7bdf0, 0x000002b9ecc7c300,
0x000002b9ecc79060, 0x000002b9e66d1d60, 0x000002b9e66cff00, 0x000002b9ed7c2930,
0x000002b9e8a2b880, 0x000002b9e8a2bd90, 0x000002b9e8a2c2a0, 0x000002b9e8a2c7b0,
0x000002b9e8b48e60, 0x000002b9e8b4a2a0, 0x000002b9ecc7b8e0, 0x000002b9e8b49d90,
0x000002b9e8b49370, 0x000002b9eac561b0, 0x000002b9ed8b4ee0, 0x000002b9ed8b1730,
0x000002b9ed8b1c40, 0x000002b9e8b49880, 0x000002b9e8b48950, 0x000002b9e6d1ccb0,
0x000002b9e6d1dbe0, 0x000002b9e6d1a940, 0x000002b9e6d1c290, 0x000002b9e6bd9ec0,
0x000002b9e6bda3d0, 0x000002b9ec214120, 0x000002b9eac52f10, 0x000002b9ecc79f90,
0x000002b9ed8b2150, 0x000002b9ecc79a80, 0x000002b9ecc7b3d0, 0x000002b9ed7c2e40,
0x000002b9ecc7aec0, 0x000002b9eac53930, 0x000002b9e8fddd70, 0x000002b9ed7c1f10,
0x000002b9ed7c3350, 0x000002b9e6d1bd80, 0x000002b9eac55790, 0x000002b9e8fdafe0,
0x000002b9ec2127d0, 0x000002b9e6d1c7a0, 0x000002b9e6d1b870, 0x000002b9ec214b40,
0x000002b9ec212ce0, 0x000002b9ed8b2660, 0x000002b9e7f58d60, 0x000002b9e7f59270,
0x000002b9e7f59780, 0x000002b9e6d1d1c0, 0x000002b9e6d1d6d0, 0x000002b9e6d1ae50,
0x000002b9eac55280, 0x000002b9eac55ca0, 0x000002b9eac566c0, 0x000002b9eac54350,
0x000002b9eac54d70, 0x000002b9e8fdba00, 0x000002b9e8fdb4f0, 0x000002b9e8fdc420,
0x000002b9ec2131f0, 0x000002b9e6d1b360, 0x000002b9e6cc8e30, 0x000002b9e6cc9340,
0x000002b9e6cc79f0, 0x000002b9e8fdaad0, 0x000002b9ed8b2b70, 0x000002b9ed8b3080,
0x000002b9ed8b3590, 0x000002b9ed7c3d70, 0x000002b9ec215050, 0x000002b9ebcda310,
0x000002b9ebcdc170, 0x000002b9ebcdc680, 0x000002b9ed7c4280, 0x000002b9e6d1a430,
0x000002b9ed7c4790, 0x000002b9ed7c2420, 0x000002b9ec4c8590, 0x000002b9e88a4b00,
0x000002b9ed7c4ca0, 0x000002b9e650ef10, 0x000002b9e88a40e0, 0x000002b9e88a45f0,
0x000002b9e88a5010, 0x000002b9e650f930, 0x000002b9e6511280, 0x000002b9e8fdbf10,
0x000002b9ed7c3860, 0x000002b9ed7c51b0, 0x000002b9ec202730, 0x000002b9e650fe40,
0x000002b9ed7c56c0, 0x000002b9e8fdce40, 0x000002b9e8fdc930, 0x000002b9e6510350,
0x000002b9ec213c10, 0x000002b9e6cc9850, 0x000002b9e6510860, 0x000002b9e6c52210,
0x000002b9e6cc9d60, 0x000002b9ec214630, 0x000002b9e8fdd350, 0x000002b9ec2054c0,
0x000002b9e6cc3d30, 0x000002b9e6c51d00, 0x000002b9ec215560, 0x000002b9e8fdd860,
0x000002b9e6510d70, 0x000002b9e8fda5c0, 0x000002b9ebcdcb90, 0x000002b9e6c52720,
0x000002b9ec215f80, 0x000002b9e6c52c30, 0x000002b9ebcdb240, 0x000002b9ebcdd0a0,
0x000002b9ec215a70, 0x000002b9ec204fb0, 0x000002b9ebcdbc60, 0x000002b9e88a2280,
0x000002b9e6c54a90, 0x000002b9e6511790, 0x000002b9e6c53140, 0x000002b9e6c53650,
0x000002b9e6511ca0, 0x000002b9e65121b0, 0x000002b9ec2059d0, 0x000002b9e9a3d640
}

Java Threads: ( => current thread )
  0x000002b9f932f7d0 JavaThread "main" [_thread_blocked, id=22032, stack(0x000000f2ea200000,0x000000f2ea300000)]
  0x000002b9fde0cdd0 JavaThread "Reference Handler" daemon [_thread_blocked, id=32584, stack(0x000000f2ea900000,0x000000f2eaa00000)]
  0x000002b9fde0d990 JavaThread "Finalizer" daemon [_thread_blocked, id=26588, stack(0x000000f2eaa00000,0x000000f2eab00000)]
  0x000002b9fde20da0 JavaThread "Signal Dispatcher" daemon [_thread_blocked, id=39324, stack(0x000000f2eab00000,0x000000f2eac00000)]
  0x000002b9fde21960 JavaThread "Attach Listener" daemon [_thread_blocked, id=25420, stack(0x000000f2eac00000,0x000000f2ead00000)]
  0x000002b9fde26340 JavaThread "Service Thread" daemon [_thread_blocked, id=39592, stack(0x000000f2ead00000,0x000000f2eae00000)]
  0x000002b9fde26d00 JavaThread "Monitor Deflation Thread" daemon [_thread_blocked, id=39388, stack(0x000000f2eae00000,0x000000f2eaf00000)]
  0x000002b9fde27aa0 JavaThread "C2 CompilerThread0" daemon [_thread_blocked, id=9160, stack(0x000000f2eaf00000,0x000000f2eb000000)]
  0x000002b9fde3d360 JavaThread "C1 CompilerThread0" daemon [_thread_blocked, id=12044, stack(0x000000f2eb000000,0x000000f2eb100000)]
  0x000002b9fde3dc70 JavaThread "Sweeper thread" daemon [_thread_blocked, id=38292, stack(0x000000f2eb100000,0x000000f2eb200000)]
  0x000002b9fddf7f50 JavaThread "Common-Cleaner" daemon [_thread_blocked, id=20568, stack(0x000000f2eb200000,0x000000f2eb300000)]
  0x000002b9a0b561a0 JavaThread "Monitor Ctrl-Break" daemon [_thread_in_native, id=38620, stack(0x000000f2eb300000,0x000000f2eb400000)]
  0x000002b9a0b56680 JavaThread "Notification Thread" daemon [_thread_blocked, id=40800, stack(0x000000f2eb400000,0x000000f2eb500000)]
  0x000002b9e7458740 JavaThread "TestNG-tests-1" [_thread_blocked, id=40140, stack(0x000000f2ebe00000,0x000000f2ebf00000)]
  0x000002b9e6dfcc70 JavaThread "TestNG-tests-2" [_thread_blocked, id=32388, stack(0x000000f2ebf00000,0x000000f2ec000000)]
  0x000002b9e6dfd150 JavaThread "TestNG-tests-3" [_thread_blocked, id=7352, stack(0x000000f2ec000000,0x000000f2ec100000)]
  0x000002b9e6dfd630 JavaThread "TestNG-tests-4" [_thread_blocked, id=34764, stack(0x000000f2ec100000,0x000000f2ec200000)]
  0x000002b9e7380d30 JavaThread "TestNG-tests-5" [_thread_blocked, id=35440, stack(0x000000f2ec200000,0x000000f2ec300000)]
  0x000002b9e7381210 JavaThread "TestNG-tests-6" [_thread_blocked, id=40780, stack(0x000000f2ec300000,0x000000f2ec400000)]
  0x000002b9e6a46df0 JavaThread "TestNG-tests-7" [_thread_blocked, id=40472, stack(0x000000f2ec400000,0x000000f2ec500000)]
  0x000002b9e6a47300 JavaThread "TestNG-tests-8" [_thread_blocked, id=40264, stack(0x000000f2ec500000,0x000000f2ec600000)]
  0x000002b9e6a44a80 JavaThread "TestNG-tests-9" [_thread_blocked, id=36376, stack(0x000000f2ec600000,0x000000f2ec700000)]
  0x000002b9e6a454a0 JavaThread "TestNG-tests-10" [_thread_blocked, id=15632, stack(0x000000f2ec700000,0x000000f2ec800000)]
  0x000002b9e7745300 JavaThread "TestNG-PoolService-0" [_thread_in_native, id=25944, stack(0x000000f2ecb00000,0x000000f2ecc00000)]
  0x000002b9e89bdfd0 JavaThread "Forwarding newSession on session null to remote" [_thread_blocked, id=31544, stack(0x000000f2ecc00000,0x000000f2ecd00000)]
  0x000002b9e89be4e0 JavaThread "Forwarding newSession on session null to remote" [_thread_blocked, id=40892, stack(0x000000f2ecd00000,0x000000f2ece00000)]
  0x000002b9e911aa40 JavaThread "Forwarding newSession on session null to remote" [_thread_blocked, id=38980, stack(0x000000f2ece00000,0x000000f2ecf00000)]
  0x000002b9e6f205e0 JavaThread "Forwarding newSession on session null to remote" [_thread_blocked, id=12040, stack(0x000000f2ecf00000,0x000000f2ed000000)]
  0x000002b9e7744df0 JavaThread "TestNG-PoolService-0" [_thread_in_native, id=36548, stack(0x000000f2ed000000,0x000000f2ed100000)]
  0x000002b9e6a47810 JavaThread "Forwarding newSession on session null to remote" [_thread_blocked, id=25348, stack(0x000000f2ed100000,0x000000f2ed200000)]
  0x000002b9e7743ec0 JavaThread "TestNG-PoolService-1" [_thread_in_native, id=19816, stack(0x000000f2ed200000,0x000000f2ed300000)]
  0x000002b9e89bdac0 JavaThread "TestNG-PoolService-1" [_thread_in_native, id=31412, stack(0x000000f2ed300000,0x000000f2ed400000)]
  0x000002b9e9567200 JavaThread "Forwarding newSession on session null to remote" [_thread_blocked, id=40220, stack(0x000000f2ed400000,0x000000f2ed500000)]
  0x000002b9e6f1d6a0 JavaThread "Forwarding newSession on session null to remote" [_thread_blocked, id=25852, stack(0x000000f2ed500000,0x000000f2ed600000)]
  0x000002b9e911af50 JavaThread "Forwarding newSession on session null to remote" [_thread_blocked, id=2648, stack(0x000000f2ed600000,0x000000f2ed700000)]
  0x000002b9e911b460 JavaThread "TestNG-PoolService-2" [_thread_in_native, id=16556, stack(0x000000f2ed700000,0x000000f2ed800000)]
  0x000002b9e6f1ec90 JavaThread "Forwarding newSession on session null to remote" [_thread_blocked, id=40572, stack(0x000000f2ed800000,0x000000f2ed900000)]
  0x000002b9e7745810 JavaThread "Forwarding newSession on session null to remote" [_thread_blocked, id=32732, stack(0x000000f2ed900000,0x000000f2eda00000)]
  0x000002b9e6f1f1a0 JavaThread "Forwarding newSession on session null to remote" [_thread_blocked, id=19352, stack(0x000000f2eda00000,0x000000f2edb00000)]
  0x000002b9e6f1f6b0 JavaThread "Forwarding newSession on session null to remote" [_thread_blocked, id=34776, stack(0x000000f2edb00000,0x000000f2edc00000)]
  0x000002b9e6a459b0 JavaThread "Forwarding newSession on session null to remote" [_thread_blocked, id=38820, stack(0x000000f2edc00000,0x000000f2edd00000)]
  0x000002b9e77443d0 JavaThread "TestNG-PoolService-3" [_thread_in_native, id=35464, stack(0x000000f2edd00000,0x000000f2ede00000)]
  0x000002b9e77448e0 JavaThread "Forwarding newSession on session null to remote" [_thread_blocked, id=36156, stack(0x000000f2ede00000,0x000000f2edf00000)]
  0x000002b9e6a44f90 JavaThread "Forwarding newSession on session null to remote" [_thread_blocked, id=14684, stack(0x000000f2edf00000,0x000000f2ee000000)]
  0x000002b9e8b8a130 JavaThread "Forwarding newSession on session null to remote" [_thread_blocked, id=16496, stack(0x000000f2ee000000,0x000000f2ee100000)]
  0x000002b9e6a45ec0 JavaThread "Forwarding newSession on session null to remote" [_thread_blocked, id=15376, stack(0x000000f2ee100000,0x000000f2ee200000)]
  0x000002b9e6a463d0 JavaThread "Forwarding newSession on session null to remote" [_thread_blocked, id=25920, stack(0x000000f2ee200000,0x000000f2ee300000)]
  0x000002b9e913dc20 JavaThread "Forwarding newSession on session null to remote" [_thread_blocked, id=31848, stack(0x000000f2ee300000,0x000000f2ee400000)]
  0x000002b9e911be80 JavaThread "Forwarding newSession on session null to remote" [_thread_blocked, id=12272, stack(0x000000f2ee400000,0x000000f2ee500000)]
  0x000002b9e6f1fbc0 JavaThread "Forwarding newSession on session null to remote" [_thread_blocked, id=38192, stack(0x000000f2ee500000,0x000000f2ee600000)]
  0x000002b9e6f1cc80 JavaThread "Forwarding newSession on session null to remote" [_thread_blocked, id=10056, stack(0x000000f2ee600000,0x000000f2ee700000)]
  0x000002b9e6f1dbb0 JavaThread "Forwarding newSession on session null to remote" [_thread_blocked, id=22492, stack(0x000000f2ee700000,0x000000f2ee800000)]
  0x000002b9e6f1d190 JavaThread "Forwarding newSession on session null to remote" [_thread_blocked, id=37152, stack(0x000000f2ee800000,0x000000f2ee900000)]
  0x000002b9e6f1e0c0 JavaThread "TestNG-PoolService-8" [_thread_in_native, id=40796, stack(0x000000f2ee900000,0x000000f2eea00000)]
  0x000002b9e6f1e5d0 JavaThread "Forwarding newSession on session null to remote" [_thread_blocked, id=1156, stack(0x000000f2eea00000,0x000000f2eeb00000)]
  0x000002b9e9852cc0 JavaThread "TestNG-PoolService-4" [_thread_in_native, id=2344, stack(0x000000f2eeb00000,0x000000f2eec00000)]
  0x000002b9e98531d0 JavaThread "Forwarding newSession on session null to remote" [_thread_blocked, id=33548, stack(0x000000f2eec00000,0x000000f2eed00000)]
  0x000002b9e98536e0 JavaThread "Forwarding newSession on session null to remote" [_thread_blocked, id=34644, stack(0x000000f2eed00000,0x000000f2eee00000)]
  0x000002b9e911b970 JavaThread "TestNG-PoolService-5" [_thread_in_native, id=15208, stack(0x000000f2eee00000,0x000000f2eef00000)]
  0x000002b9e89b5c90 JavaThread "Forwarding newSession on session null to remote" [_thread_blocked, id=332, stack(0x000000f2eef00000,0x000000f2ef000000)]
  0x000002b9e913d200 JavaThread "Forwarding newSession on session null to remote" [_thread_blocked, id=33720, stack(0x000000f2ef000000,0x000000f2ef100000)]
  0x000002b9e89b7af0 JavaThread "Forwarding newSession on session null to remote" [_thread_blocked, id=37420, stack(0x000000f2ef100000,0x000000f2ef200000)]
  0x000002b9e6f200d0 JavaThread "Forwarding newSession on session null to remote" [_thread_blocked, id=28112, stack(0x000000f2ef200000,0x000000f2ef300000)]
  0x000002b9e6c3cf00 JavaThread "Forwarding newSession on session null to remote" [_thread_blocked, id=40712, stack(0x000000f2ef300000,0x000000f2ef400000)]
  0x000002b9e8b89200 JavaThread "Forwarding newSession on session null to remote" [_thread_blocked, id=2024, stack(0x000000f2ef400000,0x000000f2ef500000)]
  0x000002b9e9851d90 JavaThread "TestNG-PoolService-6" [_thread_in_native, id=36656, stack(0x000000f2ef500000,0x000000f2ef600000)]
  0x000002b9e98522a0 JavaThread "Forwarding newSession on session null to remote" [_thread_blocked, id=40620, stack(0x000000f2ef600000,0x000000f2ef700000)]
  0x000002b9e6c3fad0 JavaThread "Forwarding newSession on session null to remote" [_thread_blocked, id=40312, stack(0x000000f2ef700000,0x000000f2ef800000)]
  0x000002b9e6c3ffe0 JavaThread "Forwarding newSession on session null to remote" [_thread_blocked, id=31668, stack(0x000000f2ef800000,0x000000f2ef900000)]
  0x000002b9e8b882d0 JavaThread "TestNG-PoolService-9" [_thread_in_native, id=32240, stack(0x000000f2ef900000,0x000000f2efa00000)]
  0x000002b9e89b61a0 JavaThread "Forwarding newSession on session null to remote" [_thread_blocked, id=34916, stack(0x000000f2efa00000,0x000000f2efb00000)]
  0x000002b9e73d0b90 JavaThread "Forwarding newSession on session null to remote" [_thread_blocked, id=26192, stack(0x000000f2efb00000,0x000000f2efc00000)]
  0x000002b9e913ae90 JavaThread "Forwarding newSession on session null to remote" [_thread_blocked, id=24300, stack(0x000000f2efc00000,0x000000f2efd00000)]
  0x000002b9e9567710 JavaThread "TestNG-PoolService-3" [_thread_in_native, id=8596, stack(0x000000f2efd00000,0x000000f2efe00000)]
  0x000002b9e73d10a0 JavaThread "Forwarding newSession on session null to remote" [_thread_blocked, id=23192, stack(0x000000f2efe00000,0x000000f2eff00000)]
  0x000002b9e89b8f30 JavaThread "Forwarding newSession on session null to remote" [_thread_blocked, id=20644, stack(0x000000f2eff00000,0x000000f2f0000000)]
  0x000002b9e89b66b0 JavaThread "Forwarding newSession on session null to remote" [_thread_blocked, id=31356, stack(0x000000f2f0000000,0x000000f2f0100000)]
  0x000002b9e89b9440 JavaThread "Forwarding newSession on session null to remote" [_thread_blocked, id=31372, stack(0x000000f2f0100000,0x000000f2f0200000)]
  0x000002b9e6c3bac0 JavaThread "Forwarding newSession on session null to remote" [_thread_blocked, id=26500, stack(0x000000f2f0200000,0x000000f2f0300000)]
  0x000002b9e6c3e180 JavaThread "Forwarding newSession on session null to remote" [_thread_blocked, id=18232, stack(0x000000f2f0300000,0x000000f2f0400000)]
  0x000002b9e6c3f0b0 JavaThread "Forwarding newSession on session null to remote" [_thread_blocked, id=32360, stack(0x000000f2f0400000,0x000000f2f0500000)]
  0x000002b9e9567c20 JavaThread "Forwarding newSession on session null to remote" [_thread_blocked, id=2352, stack(0x000000f2f0500000,0x000000f2f0600000)]
  0x000002b9e9568640 JavaThread "Forwarding newSession on session null to remote" [_thread_blocked, id=25764, stack(0x000000f2f0600000,0x000000f2f0700000)]
  0x000002b9e9568130 JavaThread "Forwarding newSession on session null to remote" [_thread_blocked, id=24252, stack(0x000000f2f0700000,0x000000f2f0800000)]
  0x000002b9e6c3dc70 JavaThread "Forwarding newSession on session null to remote" [_thread_blocked, id=10496, stack(0x000000f2f0800000,0x000000f2f0900000)]
  0x000002b9e6c39750 JavaThread "TestNG-PoolService-8" [_thread_in_native, id=8260, stack(0x000000f2f0900000,0x000000f2f0a00000)]
  0x000002b9e6c3e690 JavaThread "Forwarding newSession on session null to remote" [_thread_blocked, id=18932, stack(0x000000f2f0a00000,0x000000f2f0b00000)]
  0x000002b9e6c3d760 JavaThread "Forwarding newSession on session null to remote" [_thread_blocked, id=26464, stack(0x000000f2f0b00000,0x000000f2f0c00000)]
  0x000002b9e6c3f5c0 JavaThread "Forwarding newSession on session null to remote" [_thread_blocked, id=32532, stack(0x000000f2f0c00000,0x000000f2f0d00000)]
  0x000002b9e9568b50 JavaThread "Forwarding newSession on session null to remote" [_thread_blocked, id=1932, stack(0x000000f2f0d00000,0x000000f2f0e00000)]
  0x000002b9e6fdaa00 JavaThread "Forwarding newSession on session null to remote" [_thread_blocked, id=2768, stack(0x000000f2f0e00000,0x000000f2f0f00000)]
  0x000002b9e73d0680 JavaThread "Forwarding newSession on session null to remote" [_thread_blocked, id=33432, stack(0x000000f2f0f00000,0x000000f2f1000000)]
  0x000002b9e73d1fd0 JavaThread "Forwarding newSession on session null to remote" [_thread_blocked, id=16632, stack(0x000000f2f1000000,0x000000f2f1100000)]
  0x000002b9e911c390 JavaThread "Forwarding newSession on session null to remote" [_thread_blocked, id=31664, stack(0x000000f2f1100000,0x000000f2f1200000)]
  0x000002b9e6cd00e0 JavaThread "TestNG-PoolService-1" [_thread_in_native, id=25360, stack(0x000000f2f1200000,0x000000f2f1300000)]
  0x000002b9e6ccdd70 JavaThread "Forwarding newSession on session null to remote" [_thread_blocked, id=12252, stack(0x000000f2f1300000,0x000000f2f1400000)]
  0x000002b9e6cd1010 JavaThread "Forwarding newSession on session null to remote" [_thread_blocked, id=26020, stack(0x000000f2f1400000,0x000000f2f1500000)]
  0x000002b9e6cce280 JavaThread "Forwarding newSession on session null to remote" [_thread_blocked, id=23956, stack(0x000000f2f1500000,0x000000f2f1600000)]
  0x000002b9e6ccfbd0 JavaThread "Forwarding newSession on session null to remote" [_thread_blocked, id=26184, stack(0x000000f2f1600000,0x000000f2f1700000)]
  0x000002b9e6cce790 JavaThread "Forwarding newSession on session null to remote" [_thread_blocked, id=21188, stack(0x000000f2f1700000,0x000000f2f1800000)]
  0x000002b9e6cd0b00 JavaThread "Forwarding newSession on session null to remote" [_thread_blocked, id=17352, stack(0x000000f2f1800000,0x000000f2f1900000)]
  0x000002b9e6cd05f0 JavaThread "Forwarding newSession on session null to remote" [_thread_blocked, id=26136, stack(0x000000f2f1900000,0x000000f2f1a00000)]
  0x000002b9e6cceca0 JavaThread "TestNG-PoolService-9" [_thread_in_native, id=26340, stack(0x000000f2f1a00000,0x000000f2f1b00000)]
  0x000002b9e6c404f0 JavaThread "Forwarding newSession on session null to remote" [_thread_blocked, id=6456, stack(0x000000f2f1b00000,0x000000f2f1c00000)]
  0x000002b9e6c40a00 JavaThread "Forwarding newSession on session null to remote" [_thread_blocked, id=12844, stack(0x000000f2f1c00000,0x000000f2f1d00000)]
  0x000002b9e6c40f10 JavaThread "Forwarding newSession on session null to remote" [_thread_blocked, id=37008, stack(0x000000f2f1d00000,0x000000f2f1e00000)]
  0x000002b9e6c3eba0 JavaThread "Forwarding newSession on session null to remote" [_thread_blocked, id=36472, stack(0x000000f2f1e00000,0x000000f2f1f00000)]
  0x000002b9e7609c70 JavaThread "Forwarding newSession on session null to remote" [_thread_blocked, id=18608, stack(0x000000f2f1f00000,0x000000f2f2000000)]
  0x000002b9e760a180 JavaThread "TestNG-PoolService-5" [_thread_in_native, id=38764, stack(0x000000f2f2000000,0x000000f2f2100000)]
  0x000002b9e760a690 JavaThread "Forwarding newSession on session null to remote" [_thread_blocked, id=26360, stack(0x000000f2f2100000,0x000000f2f2200000)]
  0x000002b9e7608830 JavaThread "Forwarding newSession on session null to remote" [_thread_blocked, id=34704, stack(0x000000f2f2200000,0x000000f2f2300000)]
  0x000002b9e7609250 JavaThread "Forwarding newSession on session null to remote" [_thread_blocked, id=1852, stack(0x000000f2f2300000,0x000000f2f2400000)]
  0x000002b9e7608d40 JavaThread "Forwarding newSession on session null to remote" [_thread_blocked, id=24852, stack(0x000000f2f2400000,0x000000f2f2500000)]
  0x000002b9e8b86980 JavaThread "TestNG-PoolService-0" [_thread_in_native, id=39832, stack(0x000000f2f2500000,0x000000f2f2600000)]
  0x000002b9e8b89c20 JavaThread "Forwarding newSession on session null to remote" [_thread_blocked, id=34656, stack(0x000000f2f2600000,0x000000f2f2700000)]
  0x000002b9e8b86e90 JavaThread "Forwarding newSession on session null to remote" [_thread_blocked, id=5336, stack(0x000000f2f2700000,0x000000f2f2800000)]
  0x000002b9e8b873a0 JavaThread "Forwarding newSession on session null to remote" [_thread_blocked, id=25872, stack(0x000000f2f2800000,0x000000f2f2900000)]
  0x000002b9e8b87dc0 JavaThread "Forwarding newSession on session null to remote" [_thread_blocked, id=40412, stack(0x000000f2f2900000,0x000000f2f2a00000)]
  0x000002b9e8b878b0 JavaThread "Forwarding newSession on session null to remote" [_thread_blocked, id=32212, stack(0x000000f2f2a00000,0x000000f2f2b00000)]
  0x000002b9e8b887e0 JavaThread "Forwarding newSession on session null to remote" [_thread_blocked, id=39556, stack(0x000000f2f2b00000,0x000000f2f2c00000)]
  0x000002b9e913a980 JavaThread "Forwarding newSession on session null to remote" [_thread_blocked, id=25804, stack(0x000000f2f2c00000,0x000000f2f2d00000)]
  0x000002b9e913bdc0 JavaThread "TestNG-PoolService-8" [_thread_in_native, id=36372, stack(0x000000f2f2d00000,0x000000f2f2e00000)]
  0x000002b9e913c7e0 JavaThread "TestNG-PoolService-9" [_thread_in_native, id=40880, stack(0x000000f2f2e00000,0x000000f2f2f00000)]
  0x000002b9e8b88cf0 JavaThread "ForkJoinPool.commonPool-worker-1" daemon [_thread_blocked, id=40888, stack(0x000000f2f2f00000,0x000000f2f3000000)]
  0x000002b9e89b75e0 JavaThread "HttpClient-6-SelectorManager" daemon [_thread_in_native, id=36748, stack(0x000000f2f3100000,0x000000f2f3200000)]
  0x000002b9e89b8a20 JavaThread "HttpClient-17-SelectorManager" daemon [_thread_in_native, id=38124, stack(0x000000f2f3200000,0x000000f2f3300000)]
  0x000002b9e89b8000 JavaThread "HttpClient-4-SelectorManager" daemon [_thread_in_native, id=5032, stack(0x000000f2f3300000,0x000000f2f3400000)]
  0x000002b9e89b6bc0 JavaThread "HttpClient-18-SelectorManager" daemon [_thread_in_native, id=34800, stack(0x000000f2f3400000,0x000000f2f3500000)]
  0x000002b9e89b70d0 JavaThread "HttpClient-23-SelectorManager" daemon [_thread_in_native, id=11684, stack(0x000000f2f3500000,0x000000f2f3600000)]
  0x000002b9e6ccd860 JavaThread "HttpClient-25-SelectorManager" daemon [_thread_in_native, id=26156, stack(0x000000f2f3600000,0x000000f2f3700000)]
  0x000002b9e913e130 JavaThread "HttpClient-28-SelectorManager" daemon [_thread_in_native, id=16860, stack(0x000000f2f3700000,0x000000f2f3800000)]
  0x000002b9e6c3a680 JavaThread "HttpClient-26-SelectorManager" daemon [_thread_in_native, id=21664, stack(0x000000f2f3800000,0x000000f2f3900000)]
  0x000002b9e6c3b5b0 JavaThread "HttpClient-15-SelectorManager" daemon [_thread_in_native, id=37584, stack(0x000000f2f3900000,0x000000f2f3a00000)]
  0x000002b9e73d0170 JavaThread "HttpClient-19-SelectorManager" daemon [_thread_in_native, id=36000, stack(0x000000f2f3a00000,0x000000f2f3b00000)]
  0x000002b9e6c3c4e0 JavaThread "HttpClient-31-SelectorManager" daemon [_thread_in_native, id=38220, stack(0x000000f2f3b00000,0x000000f2f3c00000)]
  0x000002b9e6fdaf10 JavaThread "HttpClient-8-SelectorManager" daemon [_thread_in_native, id=17312, stack(0x000000f2f3c00000,0x000000f2f3d00000)]
  0x000002b9e73d15b0 JavaThread "HttpClient-22-SelectorManager" daemon [_thread_in_native, id=32384, stack(0x000000f2f3d00000,0x000000f2f3e00000)]
  0x000002b9e73d1ac0 JavaThread "HttpClient-3-SelectorManager" daemon [_thread_in_native, id=38948, stack(0x000000f2f3e00000,0x000000f2f3f00000)]
  0x000002b9e73ced30 JavaThread "HttpClient-27-SelectorManager" daemon [_thread_in_native, id=39584, stack(0x000000f2f3f00000,0x000000f2f4000000)]
  0x000002b9e913b3a0 JavaThread "HttpClient-24-SelectorManager" daemon [_thread_in_native, id=1676, stack(0x000000f2f4000000,0x000000f2f4100000)]
  0x000002b9e913c2d0 JavaThread "HttpClient-29-SelectorManager" daemon [_thread_in_native, id=22188, stack(0x000000f2f4100000,0x000000f2f4200000)]
  0x000002b9e913ccf0 JavaThread "HttpClient-14-SelectorManager" daemon [_thread_in_native, id=23804, stack(0x000000f2f4200000,0x000000f2f4300000)]
  0x000002b9e913b8b0 JavaThread "HttpClient-21-SelectorManager" daemon [_thread_in_native, id=31236, stack(0x000000f2f4300000,0x000000f2f4400000)]
  0x000002b9e89b8510 JavaThread "HttpClient-13-SelectorManager" daemon [_thread_in_native, id=17516, stack(0x000000f2f4400000,0x000000f2f4500000)]
  0x000002b9e6a44570 JavaThread "HttpClient-1-SelectorManager" daemon [_thread_in_native, id=36640, stack(0x000000f2f4500000,0x000000f2f4600000)]
  0x000002b9e8b89710 JavaThread "HttpClient-5-SelectorManager" daemon [_thread_in_native, id=40672, stack(0x000000f2f4600000,0x000000f2f4700000)]
  0x000002b9e73ce820 JavaThread "HttpClient-16-SelectorManager" daemon [_thread_in_native, id=18276, stack(0x000000f2f4700000,0x000000f2f4800000)]
  0x000002b9e73cf240 JavaThread "HttpClient-7-SelectorManager" daemon [_thread_in_native, id=16584, stack(0x000000f2f4800000,0x000000f2f4900000)]
  0x000002b9e6c3bfd0 JavaThread "HttpClient-12-SelectorManager" daemon [_thread_in_native, id=31056, stack(0x000000f2f4900000,0x000000f2f4a00000)]
  0x000002b9eccffab0 JavaThread "HttpClient-2-SelectorManager" daemon [_thread_in_native, id=40420, stack(0x000000f2f4a00000,0x000000f2f4b00000)]
  0x000002b9eccfeb80 JavaThread "HttpClient-11-SelectorManager" daemon [_thread_in_native, id=25304, stack(0x000000f2f4b00000,0x000000f2f4c00000)]
  0x000002b9e7607900 JavaThread "HttpClient-33-SelectorManager" daemon [_thread_in_native, id=36360, stack(0x000000f2f4c00000,0x000000f2f4d00000)]
  0x000002b9e73cf750 JavaThread "HttpClient-9-SelectorManager" daemon [_thread_in_native, id=14672, stack(0x000000f2f4d00000,0x000000f2f4e00000)]
  0x000002b9e6c39c60 JavaThread "HttpClient-10-SelectorManager" daemon [_thread_in_native, id=28020, stack(0x000000f2f4e00000,0x000000f2f4f00000)]
  0x000002b9e6ccf1b0 JavaThread "HttpClient-30-SelectorManager" daemon [_thread_in_native, id=31684, stack(0x000000f2f4f00000,0x000000f2f5000000)]
  0x000002b9eccb01c0 JavaThread "HttpClient-20-SelectorManager" daemon [_thread_in_native, id=35448, stack(0x000000f2f5000000,0x000000f2f5100000)]
  0x000002b9e73cfc60 JavaThread "HttpClient-32-SelectorManager" daemon [_thread_in_native, id=31604, stack(0x000000f2f5100000,0x000000f2f5200000)]
  0x000002b9eccff090 JavaThread "HttpClient-34-SelectorManager" daemon [_thread_in_native, id=39588, stack(0x000000f2f5200000,0x000000f2f5300000)]
  0x000002b9eccff5a0 JavaThread "HttpClient-36-SelectorManager" daemon [_thread_in_native, id=40148, stack(0x000000f2f5300000,0x000000f2f5400000)]
  0x000002b9e6fdbe40 JavaThread "HttpClient-37-SelectorManager" daemon [_thread_in_native, id=23944, stack(0x000000f2f5400000,0x000000f2f5500000)]
  0x000002b9eccb2530 JavaThread "HttpClient-39-SelectorManager" daemon [_thread_in_native, id=38564, stack(0x000000f2f5500000,0x000000f2f5600000)]
  0x000002b9e6fdcd70 JavaThread "HttpClient-44-SelectorManager" daemon [_thread_in_native, id=40408, stack(0x000000f2f5600000,0x000000f2f5700000)]
  0x000002b9e8b61bd0 JavaThread "HttpClient-48-SelectorManager" daemon [_thread_in_native, id=31992, stack(0x000000f2f5700000,0x000000f2f5800000)]
  0x000002b9e8b5fd70 JavaThread "HttpClient-38-SelectorManager" daemon [_thread_in_native, id=36976, stack(0x000000f2f5800000,0x000000f2f5900000)]
  0x000002b9e8b620e0 JavaThread "HttpClient-40-SelectorManager" daemon [_thread_in_native, id=31208, stack(0x000000f2f5900000,0x000000f2f5a00000)]
  0x000002b9e760aba0 JavaThread "HttpClient-45-SelectorManager" daemon [_thread_in_native, id=32356, stack(0x000000f2f5a00000,0x000000f2f5b00000)]
  0x000002b9e8b5e930 JavaThread "HttpClient-47-SelectorManager" daemon [_thread_in_native, id=31876, stack(0x000000f2f5b00000,0x000000f2f5c00000)]
  0x000002b9e6c3ab90 JavaThread "HttpClient-43-SelectorManager" daemon [_thread_in_native, id=36632, stack(0x000000f2f5c00000,0x000000f2f5d00000)]
  0x000002b9e7608320 JavaThread "HttpClient-46-SelectorManager" daemon [_thread_in_native, id=18280, stack(0x000000f2f5d00000,0x000000f2f5e00000)]
  0x000002b9e7609760 JavaThread "HttpClient-41-SelectorManager" daemon [_thread_in_native, id=36616, stack(0x000000f2f5e00000,0x000000f2f5f00000)]
  0x000002b9e6c3b0a0 JavaThread "HttpClient-42-SelectorManager" daemon [_thread_in_native, id=18092, stack(0x000000f2f5f00000,0x000000f2f6000000)]
  0x000002b9eaeb6b10 JavaThread "HttpClient-51-SelectorManager" daemon [_thread_in_native, id=21948, stack(0x000000f2f6000000,0x000000f2f6100000)]
  0x000002b9e6fd9fe0 JavaThread "HttpClient-35-SelectorManager" daemon [_thread_in_native, id=24980, stack(0x000000f2f6100000,0x000000f2f6200000)]
  0x000002b9e6ccf6c0 JavaThread "HttpClient-50-SelectorManager" daemon [_thread_in_native, id=31840, stack(0x000000f2f6200000,0x000000f2f6300000)]
  0x000002b9e7607e10 JavaThread "HttpClient-52-SelectorManager" daemon [_thread_in_native, id=2804, stack(0x000000f2f6300000,0x000000f2f6400000)]
  0x000002b9ed4dbff0 JavaThread "HttpClient-49-SelectorManager" daemon [_thread_in_native, id=38232, stack(0x000000f2f6400000,0x000000f2f6500000)]
  0x000002b9eccb06d0 JavaThread "HttpClient-53-SelectorManager" daemon [_thread_in_native, id=38272, stack(0x000000f2f6500000,0x000000f2f6600000)]
  0x000002b9e6fdc860 JavaThread "External Process Output Forwarder - C:\Users\hp\.cache\selenium\chromedriver\win64\131.0.6778.204\chromedriver.exe" daemon [_thread_in_native, id=26096, stack(0x000000f2f6600000,0x000000f2f6700000)]
  0x000002b9eaf197e0 JavaThread "External Process Output Forwarder - C:\Users\hp\.cache\selenium\chromedriver\win64\131.0.6778.204\chromedriver.exe" daemon [_thread_in_native, id=39508, stack(0x000000f2f6700000,0x000000f2f6800000)]
  0x000002b9e6fda4f0 JavaThread "Driver Service Executor" daemon [_thread_blocked, id=26200, stack(0x000000f2f6800000,0x000000f2f6900000)]
  0x000002b9eaf188b0 JavaThread "Driver Service Executor" daemon [_thread_blocked, id=37208, stack(0x000000f2f6900000,0x000000f2f6a00000)]
  0x000002b9eaf17e90 JavaThread "Driver Service Executor" daemon [_thread_blocked, id=25308, stack(0x000000f2f6a00000,0x000000f2f6b00000)]
  0x000002b9e6fdb420 JavaThread "Driver Service Executor" daemon [_thread_blocked, id=40332, stack(0x000000f2f6b00000,0x000000f2f6c00000)]
  0x000002b9eb177a10 JavaThread "UrlChecker-2" daemon [_thread_blocked, id=37004, stack(0x000000f2f6c00000,0x000000f2f6d00000)]
  0x000002b9eb176ae0 JavaThread "UrlChecker-3" daemon [_thread_blocked, id=14332, stack(0x000000f2f6d00000,0x000000f2f6e00000)]
  0x000002b9eccb0be0 JavaThread "HttpClient-54-SelectorManager" daemon [_thread_in_native, id=37220, stack(0x000000f2f6e00000,0x000000f2f6f00000)]
  0x000002b9ed4dbae0 JavaThread "External Process Output Forwarder - C:\Users\hp\.cache\selenium\chromedriver\win64\131.0.6778.204\chromedriver.exe" daemon [_thread_in_native, id=32336, stack(0x000000f2f6f00000,0x000000f2f7000000)]
  0x000002b9ed4de870 JavaThread "Driver Service Executor" daemon [_thread_blocked, id=36628, stack(0x000000f2f7000000,0x000000f2f7100000)]
  0x000002b9ed4de360 JavaThread "Driver Service Executor" daemon [_thread_blocked, id=39228, stack(0x000000f2f7100000,0x000000f2f7200000)]
  0x000002b9ed4dc500 JavaThread "External Process Output Forwarder - C:\Users\hp\.cache\selenium\chromedriver\win64\131.0.6778.204\chromedriver.exe" daemon [_thread_in_native, id=38716, stack(0x000000f2f7200000,0x000000f2f7300000)]
  0x000002b9ed4dcf20 JavaThread "Driver Service Executor" daemon [_thread_blocked, id=32168, stack(0x000000f2f7300000,0x000000f2f7400000)]
  0x000002b9ed4dca10 JavaThread "Driver Service Executor" daemon [_thread_blocked, id=38944, stack(0x000000f2f7400000,0x000000f2f7500000)]
  0x000002b9ed4dde50 JavaThread "External Process Output Forwarder - C:\Users\hp\.cache\selenium\chromedriver\win64\131.0.6778.204\chromedriver.exe" daemon [_thread_in_native, id=15020, stack(0x000000f2f7600000,0x000000f2f7700000)]
  0x000002b9ed4dd430 JavaThread "Driver Service Executor" daemon [_thread_blocked, id=39236, stack(0x000000f2f7700000,0x000000f2f7800000)]
  0x000002b9ed4dd940 JavaThread "Driver Service Executor" daemon [_thread_blocked, id=24608, stack(0x000000f2f7800000,0x000000f2f7900000)]
  0x000002b9ed4db0c0 JavaThread "External Process Output Forwarder - C:\Users\hp\.cache\selenium\chromedriver\win64\131.0.6778.204\chromedriver.exe" daemon [_thread_in_native, id=37196, stack(0x000000f2f7900000,0x000000f2f7a00000)]
  0x000002b9ed4db5d0 JavaThread "Driver Service Executor" daemon [_thread_blocked, id=34040, stack(0x000000f2f7a00000,0x000000f2f7b00000)]
  0x000002b9ed54c210 JavaThread "Driver Service Executor" daemon [_thread_blocked, id=31828, stack(0x000000f2f7b00000,0x000000f2f7c00000)]
  0x000002b9eccb2f50 JavaThread "UrlChecker-4" daemon [_thread_blocked, id=39632, stack(0x000000f2f7c00000,0x000000f2f7d00000)]
  0x000002b9eccfc300 JavaThread "External Process Output Forwarder - C:\Users\hp\.cache\selenium\chromedriver\win64\131.0.6778.204\chromedriver.exe" daemon [_thread_in_native, id=32292, stack(0x000000f2f7d00000,0x000000f2f7e00000)]
  0x000002b9eccfc810 JavaThread "Driver Service Executor" daemon [_thread_blocked, id=3692, stack(0x000000f2f7e00000,0x000000f2f7f00000)]
  0x000002b9eccfcd20 JavaThread "Driver Service Executor" daemon [_thread_blocked, id=27776, stack(0x000000f2f7f00000,0x000000f2f8000000)]
  0x000002b9eaf183a0 JavaThread "HttpClient-55-SelectorManager" daemon [_thread_in_native, id=18712, stack(0x000000f2f8000000,0x000000f2f8100000)]
  0x000002b9e6fdb930 JavaThread "HttpClient-56-SelectorManager" daemon [_thread_in_native, id=37244, stack(0x000000f2f8100000,0x000000f2f8200000)]
  0x000002b9eccfd230 JavaThread "HttpClient-57-SelectorManager" daemon [_thread_in_native, id=17028, stack(0x000000f2f8200000,0x000000f2f8300000)]
  0x000002b9eccfd740 JavaThread "HttpClient-58-SelectorManager" daemon [_thread_in_native, id=39716, stack(0x000000f2f8300000,0x000000f2f8400000)]
  0x000002b9eccfdc50 JavaThread "UrlChecker-5" daemon [_thread_blocked, id=38508, stack(0x000000f2f8400000,0x000000f2f8500000)]
  0x000002b9ed54c720 JavaThread "UrlChecker-7" daemon [_thread_blocked, id=33532, stack(0x000000f2f8500000,0x000000f2f8600000)]
  0x000002b9eccfe160 JavaThread "UrlChecker-6" daemon [_thread_blocked, id=38672, stack(0x000000f2f8600000,0x000000f2f8700000)]
  0x000002b9eccfe670 JavaThread "External Process Output Forwarder - C:\Users\hp\.cache\selenium\chromedriver\win64\131.0.6778.204\chromedriver.exe" daemon [_thread_in_native, id=25808, stack(0x000000f2f8700000,0x000000f2f8800000)]
  0x000002b9eaf192d0 JavaThread "Driver Service Executor" daemon [_thread_blocked, id=33008, stack(0x000000f2f8800000,0x000000f2f8900000)]
  0x000002b9eaf18dc0 JavaThread "Driver Service Executor" daemon [_thread_blocked, id=39648, stack(0x000000f2f8900000,0x000000f2f8a00000)]
  0x000002b9e6fdc350 JavaThread "UrlChecker-8" daemon [_thread_blocked, id=3984, stack(0x000000f2f8a00000,0x000000f2f8b00000)]
  0x000002b9ed54cc30 JavaThread "External Process Output Forwarder - C:\Users\hp\.cache\selenium\chromedriver\win64\131.0.6778.204\chromedriver.exe" daemon [_thread_in_native, id=35732, stack(0x000000f2f8b00000,0x000000f2f8c00000)]
  0x000002b9ed549480 JavaThread "Driver Service Executor" daemon [_thread_blocked, id=31032, stack(0x000000f2f8c00000,0x000000f2f8d00000)]
  0x000002b9ed54a3b0 JavaThread "Driver Service Executor" daemon [_thread_blocked, id=39992, stack(0x000000f2f8d00000,0x000000f2f8e00000)]
  0x000002b9eb176ff0 JavaThread "External Process Output Forwarder - C:\Users\hp\.cache\selenium\chromedriver\win64\131.0.6778.204\chromedriver.exe" daemon [_thread_in_native, id=26252, stack(0x000000f2f8e00000,0x000000f2f8f00000)]
  0x000002b9eaeb7020 JavaThread "Driver Service Executor" daemon [_thread_blocked, id=39828, stack(0x000000f2f8f00000,0x000000f2f9000000)]
  0x000002b9e8b5ee40 JavaThread "Driver Service Executor" daemon [_thread_blocked, id=39804, stack(0x000000f2f9000000,0x000000f2f9100000)]
  0x000002b9ecddd7a0 JavaThread "UrlChecker-9" daemon [_thread_blocked, id=33020, stack(0x000000f2f9100000,0x000000f2f9200000)]
  0x000002b9eb177500 JavaThread "UrlChecker-10" daemon [_thread_blocked, id=16076, stack(0x000000f2f9200000,0x000000f2f9300000)]
  0x000002b9eb177f20 JavaThread "HttpClient-59-SelectorManager" daemon [_thread_in_native, id=37052, stack(0x000000f2f9300000,0x000000f2f9400000)]
  0x000002b9eccb10f0 JavaThread "External Process Output Forwarder - C:\Users\hp\.cache\selenium\chromedriver\win64\131.0.6778.204\chromedriver.exe" daemon [_thread_in_native, id=26564, stack(0x000000f2f9400000,0x000000f2f9500000)]
  0x000002b9eccb1b10 JavaThread "Driver Service Executor" daemon [_thread_blocked, id=40436, stack(0x000000f2f9500000,0x000000f2f9600000)]
  0x000002b9eccb2a40 JavaThread "Driver Service Executor" daemon [_thread_blocked, id=32672, stack(0x000000f2f9600000,0x000000f2f9700000)]
  0x000002b9e6fdd280 JavaThread "UrlChecker-11" daemon [_thread_blocked, id=40816, stack(0x000000f2f9700000,0x000000f2f9800000)]
  0x000002b9eb178430 JavaThread "External Process Output Forwarder - C:\Users\hp\.cache\selenium\chromedriver\win64\131.0.6778.204\chromedriver.exe" daemon [_thread_in_native, id=32008, stack(0x000000f2f9800000,0x000000f2f9900000)]
  0x000002b9edb8c890 JavaThread "Driver Service Executor" daemon [_thread_blocked, id=19980, stack(0x000000f2f9900000,0x000000f2f9a00000)]
  0x000002b9edb8cda0 JavaThread "Driver Service Executor" daemon [_thread_blocked, id=40172, stack(0x000000f2f9a00000,0x000000f2f9b00000)]
  0x000002b9ea792790 JavaThread "External Process Output Forwarder - C:\Users\hp\.cache\selenium\chromedriver\win64\131.0.6778.204\chromedriver.exe" daemon [_thread_in_native, id=14008, stack(0x000000f2f9b00000,0x000000f2f9c00000)]
  0x000002b9ea793bd0 JavaThread "Driver Service Executor" daemon [_thread_blocked, id=26460, stack(0x000000f2f9c00000,0x000000f2f9d00000)]
  0x000002b9ea792ca0 JavaThread "Driver Service Executor" daemon [_thread_blocked, id=39864, stack(0x000000f2f9d00000,0x000000f2f9e00000)]
  0x000002b9edb8d2b0 JavaThread "External Process Output Forwarder - C:\Users\hp\.cache\selenium\chromedriver\win64\131.0.6778.204\chromedriver.exe" daemon [_thread_in_native, id=22848, stack(0x000000f2fa000000,0x000000f2fa100000)]
  0x000002b9eaeb5be0 JavaThread "UrlChecker-12" daemon [_thread_blocked, id=3732, stack(0x000000f2fa100000,0x000000f2fa200000)]
  0x000002b9eaeb7f50 JavaThread "Driver Service Executor" daemon [_thread_blocked, id=18592, stack(0x000000f2fa200000,0x000000f2fa300000)]
  0x000002b9eaeb9390 JavaThread "Driver Service Executor" daemon [_thread_blocked, id=38956, stack(0x000000f2fa300000,0x000000f2fa400000)]
  0x000002b9eaeb8460 JavaThread "HttpClient-60-SelectorManager" daemon [_thread_in_native, id=1548, stack(0x000000f2fa400000,0x000000f2fa500000)]
  0x000002b9e8b5f350 JavaThread "UrlChecker-13" daemon [_thread_blocked, id=14692, stack(0x000000f2fa500000,0x000000f2fa600000)]
  0x000002b9ed549990 JavaThread "HttpClient-61-SelectorManager" daemon [_thread_in_native, id=11804, stack(0x000000f2fa600000,0x000000f2fa700000)]
  0x000002b9ecddb940 JavaThread "HttpClient-62-SelectorManager" daemon [_thread_in_native, id=15492, stack(0x000000f2fa700000,0x000000f2fa800000)]
  0x000002b9edb8e1e0 JavaThread "HttpClient-63-SelectorManager" daemon [_thread_in_native, id=5988, stack(0x000000f2fa800000,0x000000f2fa900000)]
  0x000002b9e8b611b0 JavaThread "External Process Output Forwarder - C:\Users\hp\.cache\selenium\chromedriver\win64\131.0.6778.204\chromedriver.exe" daemon [_thread_in_native, id=31752, stack(0x000000f2fa900000,0x000000f2faa00000)]
  0x000002b9e8b5f860 JavaThread "Driver Service Executor" daemon [_thread_blocked, id=12160, stack(0x000000f2faa00000,0x000000f2fab00000)]
  0x000002b9e8b60280 JavaThread "Driver Service Executor" daemon [_thread_blocked, id=31936, stack(0x000000f2fab00000,0x000000f2fac00000)]
  0x000002b9e8b60790 JavaThread "UrlChecker-14" daemon [_thread_blocked, id=3832, stack(0x000000f2fac00000,0x000000f2fad00000)]
  0x000002b9edb8d7c0 JavaThread "External Process Output Forwarder - C:\Users\hp\.cache\selenium\chromedriver\win64\131.0.6778.204\chromedriver.exe" daemon [_thread_in_native, id=9720, stack(0x000000f2fad00000,0x000000f2fae00000)]
  0x000002b9e8b60ca0 JavaThread "UrlChecker-15" daemon [_thread_blocked, id=40256, stack(0x000000f2fae00000,0x000000f2faf00000)]
  0x000002b9edb8dcd0 JavaThread "Driver Service Executor" daemon [_thread_blocked, id=36708, stack(0x000000f2faf00000,0x000000f2fb000000)]
  0x000002b9ed211150 JavaThread "Driver Service Executor" daemon [_thread_blocked, id=40360, stack(0x000000f2fb000000,0x000000f2fb100000)]
  0x000002b9e8b616c0 JavaThread "External Process Output Forwarder - C:\Users\hp\.cache\selenium\chromedriver\win64\131.0.6778.204\chromedriver.exe" daemon [_thread_in_native, id=40792, stack(0x000000f2fb200000,0x000000f2fb300000)]
  0x000002b9e9a8e580 JavaThread "Driver Service Executor" daemon [_thread_blocked, id=38688, stack(0x000000f2fb300000,0x000000f2fb400000)]
  0x000002b9e9a8c720 JavaThread "Driver Service Executor" daemon [_thread_blocked, id=38496, stack(0x000000f2fb400000,0x000000f2fb500000)]
  0x000002b9eaeb7530 JavaThread "External Process Output Forwarder - C:\Users\hp\.cache\selenium\chromedriver\win64\131.0.6778.204\chromedriver.exe" daemon [_thread_in_native, id=25988, stack(0x000000f2fb500000,0x000000f2fb600000)]
  0x000002b9eaeb60f0 JavaThread "Driver Service Executor" daemon [_thread_blocked, id=32312, stack(0x000000f2fb600000,0x000000f2fb700000)]
  0x000002b9eaeb6600 JavaThread "Driver Service Executor" daemon [_thread_blocked, id=32004, stack(0x000000f2fb700000,0x000000f2fb800000)]
  0x000002b9e9a8db60 JavaThread "UrlChecker-16" daemon [_thread_blocked, id=40916, stack(0x000000f2fb800000,0x000000f2fb900000)]
  0x000002b9ea792280 JavaThread "UrlChecker-17" daemon [_thread_blocked, id=35436, stack(0x000000f2fb900000,0x000000f2fba00000)]
  0x000002b9ea7931b0 JavaThread "HttpClient-65-SelectorManager" daemon [_thread_in_native, id=37604, stack(0x000000f2fba00000,0x000000f2fbb00000)]
  0x000002b9ed210730 JavaThread "HttpClient-64-SelectorManager" daemon [_thread_in_native, id=39072, stack(0x000000f2fbb00000,0x000000f2fbc00000)]
  0x000002b9ecddc360 JavaThread "HttpClient-66-SelectorManager" daemon [_thread_in_native, id=39116, stack(0x000000f2fbc00000,0x000000f2fbd00000)]
  0x000002b9ebba2300 JavaThread "External Process Output Forwarder - C:\Users\hp\.cache\selenium\chromedriver\win64\131.0.6778.204\chromedriver.exe" daemon [_thread_in_native, id=39080, stack(0x000000f2fbd00000,0x000000f2fbe00000)]
  0x000002b9e9a8e070 JavaThread "HttpClient-67-SelectorManager" daemon [_thread_in_native, id=39120, stack(0x000000f2fbe00000,0x000000f2fbf00000)]
  0x000002b9eccb2020 JavaThread "Driver Service Executor" daemon [_thread_blocked, id=39168, stack(0x000000f2fbf00000,0x000000f2fc000000)]
  0x000002b9ed211b70 JavaThread "HttpClient-68-SelectorManager" daemon [_thread_in_native, id=17404, stack(0x000000f2fc000000,0x000000f2fc100000)]
  0x000002b9ebba2810 JavaThread "HttpClient-69-SelectorManager" daemon [_thread_in_native, id=39076, stack(0x000000f2fc100000,0x000000f2fc200000)]
  0x000002b9ed210c40 JavaThread "Driver Service Executor" daemon [_thread_blocked, id=39572, stack(0x000000f2fc200000,0x000000f2fc300000)]
  0x000002b9eccaf7a0 JavaThread "HttpClient-71-SelectorManager" daemon [_thread_in_native, id=37696, stack(0x000000f2fc300000,0x000000f2fc400000)]
  0x000002b9ea7936c0 JavaThread "HttpClient-72-SelectorManager" daemon [_thread_in_native, id=37700, stack(0x000000f2fc400000,0x000000f2fc500000)]
  0x000002b9ecddbe50 JavaThread "External Process Output Forwarder - C:\Users\hp\.cache\selenium\chromedriver\win64\131.0.6778.204\chromedriver.exe" daemon [_thread_in_native, id=34208, stack(0x000000f2fc500000,0x000000f2fc600000)]
  0x000002b9eccafcb0 JavaThread "Driver Service Executor" daemon [_thread_blocked, id=34228, stack(0x000000f2fc600000,0x000000f2fc700000)]
  0x000002b9ecddaa10 JavaThread "Driver Service Executor" daemon [_thread_blocked, id=34232, stack(0x000000f2fc700000,0x000000f2fc800000)]
  0x000002b9ecddaf20 JavaThread "HttpClient-74-SelectorManager" daemon [_thread_in_native, id=34168, stack(0x000000f2fc800000,0x000000f2fc900000)]
  0x000002b9ecddb430 JavaThread "HttpClient-70-SelectorManager" daemon [_thread_in_native, id=27368, stack(0x000000f2fc900000,0x000000f2fca00000)]
  0x000002b9ecddc870 JavaThread "HttpClient-73-SelectorManager" daemon [_thread_in_native, id=39300, stack(0x000000f2fca00000,0x000000f2fcb00000)]
  0x000002b9e9a8cc30 JavaThread "External Process Output Forwarder - C:\Users\hp\.cache\selenium\chromedriver\win64\131.0.6778.204\chromedriver.exe" daemon [_thread_in_native, id=33664, stack(0x000000f2fcb00000,0x000000f2fcc00000)]
  0x000002b9e9a8bd00 JavaThread "Driver Service Executor" daemon [_thread_blocked, id=36296, stack(0x000000f2fcc00000,0x000000f2fcd00000)]
  0x000002b9eaeb7a40 JavaThread "Driver Service Executor" daemon [_thread_blocked, id=36284, stack(0x000000f2fcd00000,0x000000f2fce00000)]
  0x000002b9ed20f2f0 JavaThread "HttpClient-75-SelectorManager" daemon [_thread_in_native, id=34384, stack(0x000000f2fce00000,0x000000f2fcf00000)]
  0x000002b9ed210220 JavaThread "HttpClient-76-SelectorManager" daemon [_thread_in_native, id=36340, stack(0x000000f2fcf00000,0x000000f2fd000000)]
  0x000002b9eaeb8970 JavaThread "HttpClient-78-SelectorManager" daemon [_thread_in_native, id=36292, stack(0x000000f2fd000000,0x000000f2fd100000)]
  0x000002b9ed54add0 JavaThread "HttpClient-77-SelectorManager" daemon [_thread_in_native, id=33496, stack(0x000000f2fd100000,0x000000f2fd200000)]
  0x000002b9ed549ea0 JavaThread "HttpClient-79-SelectorManager" daemon [_thread_in_native, id=34400, stack(0x000000f2fd200000,0x000000f2fd300000)]
  0x000002b9ed211660 JavaThread "External Process Output Forwarder - C:\Users\hp\.cache\selenium\chromedriver\win64\131.0.6778.204\chromedriver.exe" daemon [_thread_in_native, id=35796, stack(0x000000f2fd300000,0x000000f2fd400000)]
  0x000002b9ed20ede0 JavaThread "Driver Service Executor" daemon [_thread_blocked, id=35784, stack(0x000000f2fd400000,0x000000f2fd500000)]
  0x000002b9ed20e3c0 JavaThread "Driver Service Executor" daemon [_thread_blocked, id=35808, stack(0x000000f2fd500000,0x000000f2fd600000)]
  0x000002b9ed54b7f0 JavaThread "HttpClient-80-SelectorManager" daemon [_thread_in_native, id=35836, stack(0x000000f2fd600000,0x000000f2fd700000)]
  0x000002b9ebba0ec0 JavaThread "External Process Output Forwarder - C:\Users\hp\.cache\selenium\chromedriver\win64\131.0.6778.204\chromedriver.exe" daemon [_thread_in_native, id=33188, stack(0x000000f2fd700000,0x000000f2fd800000)]
  0x000002b9ed54a8c0 JavaThread "Driver Service Executor" daemon [_thread_blocked, id=38676, stack(0x000000f2fd800000,0x000000f2fd900000)]
  0x000002b9ed54b2e0 JavaThread "Driver Service Executor" daemon [_thread_blocked, id=33424, stack(0x000000f2fd900000,0x000000f2fda00000)]
  0x000002b9e9a8b2e0 JavaThread "HttpClient-81-SelectorManager" daemon [_thread_in_native, id=30876, stack(0x000000f2fda00000,0x000000f2fdb00000)]
  0x000002b9ea275f80 JavaThread "HttpClient-82-SelectorManager" daemon [_thread_in_native, id=25960, stack(0x000000f2fdb00000,0x000000f2fdc00000)]
  0x000002b9ea2773c0 JavaThread "HttpClient-83-SelectorManager" daemon [_thread_in_native, id=19976, stack(0x000000f2fdc00000,0x000000f2fdd00000)]
  0x000002b9e9a8d140 JavaThread "External Process Output Forwarder - C:\Users\hp\.cache\selenium\chromedriver\win64\131.0.6778.204\chromedriver.exe" daemon [_thread_in_native, id=33060, stack(0x000000f2fdd00000,0x000000f2fde00000)]
  0x000002b9e7fce0e0 JavaThread "Driver Service Executor" daemon [_thread_blocked, id=33332, stack(0x000000f2fde00000,0x000000f2fdf00000)]
  0x000002b9e7fce5f0 JavaThread "Driver Service Executor" daemon [_thread_blocked, id=33064, stack(0x000000f2fdf00000,0x000000f2fe000000)]
  0x000002b9e7fcdbd0 JavaThread "External Process Output Forwarder - C:\Users\hp\.cache\selenium\chromedriver\win64\131.0.6778.204\chromedriver.exe" daemon [_thread_in_native, id=18300, stack(0x000000f2fe000000,0x000000f2fe100000)]
  0x000002b9e7fceb00 JavaThread "Driver Service Executor" daemon [_thread_blocked, id=17004, stack(0x000000f2fe100000,0x000000f2fe200000)]
  0x000002b9e7fcf010 JavaThread "Driver Service Executor" daemon [_thread_blocked, id=40912, stack(0x000000f2fe200000,0x000000f2fe300000)]
  0x000002b9eaeb8e80 JavaThread "HttpClient-84-SelectorManager" daemon [_thread_in_native, id=40624, stack(0x000000f2fe300000,0x000000f2fe400000)]
  0x000002b9e6c32680 JavaThread "External Process Output Forwarder - C:\Users\hp\.cache\selenium\chromedriver\win64\131.0.6778.204\chromedriver.exe" daemon [_thread_in_native, id=33556, stack(0x000000f2fe400000,0x000000f2fe500000)]
  0x000002b9ed20e8d0 JavaThread "Driver Service Executor" daemon [_thread_blocked, id=38304, stack(0x000000f2fe500000,0x000000f2fe600000)]
  0x000002b9e6c31750 JavaThread "Driver Service Executor" daemon [_thread_blocked, id=31780, stack(0x000000f2fe600000,0x000000f2fe700000)]
  0x000002b9e9a8b7f0 JavaThread "External Process Output Forwarder - C:\Users\hp\.cache\selenium\chromedriver\win64\131.0.6778.204\chromedriver.exe" daemon [_thread_in_native, id=37436, stack(0x000000f2fe700000,0x000000f2fe800000)]
  0x000002b9e6c32b90 JavaThread "Driver Service Executor" daemon [_thread_blocked, id=2948, stack(0x000000f2fe800000,0x000000f2fe900000)]
  0x000002b9e9a8add0 JavaThread "Driver Service Executor" daemon [_thread_blocked, id=39800, stack(0x000000f2fe900000,0x000000f2fea00000)]
  0x000002b9ea276490 JavaThread "HttpClient-86-SelectorManager" daemon [_thread_in_native, id=31040, stack(0x000000f2feb00000,0x000000f2fec00000)]
  0x000002b9ed54bd00 JavaThread "HttpClient-85-SelectorManager" daemon [_thread_in_native, id=38424, stack(0x000000f2fec00000,0x000000f2fed00000)]
  0x000002b9ed20f800 JavaThread "HttpClient-87-SelectorManager" daemon [_thread_in_native, id=40260, stack(0x000000f2fed00000,0x000000f2fee00000)]
  0x000002b9e9a8c210 JavaThread "Driver Service Executor" daemon [_thread_blocked, id=31964, stack(0x000000f2fee00000,0x000000f2fef00000)]
  0x000002b9ea275a70 JavaThread "HttpClient-88-SelectorManager" daemon [_thread_in_native, id=35112, stack(0x000000f2fef00000,0x000000f2ff000000)]
  0x000002b9e9a8d650 JavaThread "Driver Service Executor" daemon [_thread_blocked, id=21268, stack(0x000000f2ff000000,0x000000f2ff100000)]
  0x000002b9e6c2cd20 JavaThread "HttpClient-90-SelectorManager" daemon [_thread_in_native, id=7312, stack(0x000000f2ff100000,0x000000f2ff200000)]
  0x000002b9ea274120 JavaThread "HttpClient-89-SelectorManager" daemon [_thread_in_native, id=12168, stack(0x000000f2ff200000,0x000000f2ff300000)]
  0x000002b9ebb9f570 JavaThread "HttpClient-91-SelectorManager" daemon [_thread_in_native, id=5788, stack(0x000000f2ff300000,0x000000f2ff400000)]
  0x000002b9e75094d0 JavaThread "HttpClient-92-SelectorManager" daemon [_thread_in_native, id=39708, stack(0x000000f2ff400000,0x000000f2ff500000)]
  0x000002b9ea274b40 JavaThread "HttpClient-93-SelectorManager" daemon [_thread_in_native, id=40908, stack(0x000000f2ff500000,0x000000f2ff600000)]
  0x000002b9ea275560 JavaThread "HttpClient-94-SelectorManager" daemon [_thread_in_native, id=39532, stack(0x000000f2ff600000,0x000000f2ff700000)]
  0x000002b9ea274630 JavaThread "HttpClient-95-SelectorManager" daemon [_thread_in_native, id=39424, stack(0x000000f2ff700000,0x000000f2ff800000)]
  0x000002b9ebb9fa80 JavaThread "HttpClient-96-SelectorManager" daemon [_thread_in_native, id=25104, stack(0x000000f2ff800000,0x000000f2ff900000)]
  0x000002b9e75085a0 JavaThread "HttpClient-97-SelectorManager" daemon [_thread_in_native, id=12604, stack(0x000000f2ff900000,0x000000f2ffa00000)]
  0x000002b9e6c330a0 JavaThread "External Process Output Forwarder - C:\Users\hp\.cache\selenium\chromedriver\win64\131.0.6778.204\chromedriver.exe" daemon [_thread_in_native, id=35848, stack(0x000000f2ffa00000,0x000000f2ffb00000)]
  0x000002b9ea120b30 JavaThread "Driver Service Executor" daemon [_thread_blocked, id=35868, stack(0x000000f2ffb00000,0x000000f2ffc00000)]
  0x000002b9e6c2e160 JavaThread "Driver Service Executor" daemon [_thread_blocked, id=35400, stack(0x000000f2ffc00000,0x000000f2ffd00000)]
  0x000002b9ea120110 JavaThread "External Process Output Forwarder - C:\Users\hp\.cache\selenium\chromedriver\win64\131.0.6778.204\chromedriver.exe" daemon [_thread_in_native, id=35936, stack(0x000000f2ffd00000,0x000000f2ffe00000)]
  0x000002b9e6c335b0 JavaThread "Driver Service Executor" daemon [_thread_blocked, id=35856, stack(0x000000f2ffe00000,0x000000f2fff00000)]
  0x000002b9e7fcd6c0 JavaThread "Driver Service Executor" daemon [_thread_blocked, id=35948, stack(0x000000f2fff00000,0x000000f300000000)]
  0x000002b9e6c33ac0 JavaThread "External Process Output Forwarder - C:\Users\hp\.cache\selenium\chromedriver\win64\131.0.6778.204\chromedriver.exe" daemon [_thread_in_native, id=38584, stack(0x000000f280000000,0x000000f280100000)]
  0x000002b9ea11ecd0 JavaThread "Driver Service Executor" daemon [_thread_blocked, id=38600, stack(0x000000f280100000,0x000000f280200000)]
  0x000002b9ea121a60 JavaThread "Driver Service Executor" daemon [_thread_blocked, id=38604, stack(0x000000f280200000,0x000000f280300000)]
  0x000002b9ebba13d0 JavaThread "External Process Output Forwarder - C:\Users\hp\.cache\selenium\chromedriver\win64\131.0.6778.204\chromedriver.exe" daemon [_thread_in_native, id=34320, stack(0x000000f280300000,0x000000f280400000)]
  0x000002b9ea121f70 JavaThread "Driver Service Executor" daemon [_thread_blocked, id=35380, stack(0x000000f280400000,0x000000f280500000)]
  0x000002b9ea122480 JavaThread "Driver Service Executor" daemon [_thread_blocked, id=26336, stack(0x000000f280500000,0x000000f280600000)]
  0x000002b9ea11fc00 JavaThread "HttpClient-98-SelectorManager" daemon [_thread_in_native, id=39420, stack(0x000000f280600000,0x000000f280700000)]
  0x000002b9ea120620 JavaThread "External Process Output Forwarder - C:\Users\hp\.cache\selenium\chromedriver\win64\131.0.6778.204\chromedriver.exe" daemon [_thread_in_native, id=33396, stack(0x000000f280700000,0x000000f280800000)]
  0x000002b9ea121040 JavaThread "Driver Service Executor" daemon [_thread_blocked, id=34936, stack(0x000000f280800000,0x000000f280900000)]
  0x000002b9ea121550 JavaThread "Driver Service Executor" daemon [_thread_blocked, id=37612, stack(0x000000f280900000,0x000000f280a00000)]
  0x000002b9ea11f1e0 JavaThread "External Process Output Forwarder - C:\Users\hp\.cache\selenium\chromedriver\win64\131.0.6778.204\chromedriver.exe" daemon [_thread_in_native, id=34948, stack(0x000000f280a00000,0x000000f280b00000)]
  0x000002b9e6c2f5a0 JavaThread "HttpClient-99-SelectorManager" daemon [_thread_in_native, id=34952, stack(0x000000f280b00000,0x000000f280c00000)]
  0x000002b9e6c33fd0 JavaThread "Driver Service Executor" daemon [_thread_blocked, id=35424, stack(0x000000f280c00000,0x000000f280d00000)]
  0x000002b9e6c30820 JavaThread "Driver Service Executor" daemon [_thread_blocked, id=35420, stack(0x000000f280d00000,0x000000f280e00000)]
  0x000002b9e6c31c60 JavaThread "External Process Output Forwarder - C:\Users\hp\.cache\selenium\chromedriver\win64\131.0.6778.204\chromedriver.exe" daemon [_thread_in_native, id=33208, stack(0x000000f280e00000,0x000000f280f00000)]
  0x000002b9e6c30d30 JavaThread "Driver Service Executor" daemon [_thread_blocked, id=32504, stack(0x000000f280f00000,0x000000f281000000)]
  0x000002b9ea11f6f0 JavaThread "Driver Service Executor" daemon [_thread_blocked, id=35188, stack(0x000000f281000000,0x000000f281100000)]
  0x000002b9e6c32170 JavaThread "External Process Output Forwarder - C:\Users\hp\.cache\selenium\chromedriver\win64\131.0.6778.204\chromedriver.exe" daemon [_thread_in_native, id=33160, stack(0x000000f281100000,0x000000f281200000)]
  0x000002b9e6c31240 JavaThread "Driver Service Executor" daemon [_thread_blocked, id=33268, stack(0x000000f281200000,0x000000f281300000)]
  0x000002b9ec3b9810 JavaThread "Driver Service Executor" daemon [_thread_blocked, id=33288, stack(0x000000f281300000,0x000000f281400000)]
  0x000002b9ec3b6f90 JavaThread "External Process Output Forwarder - C:\Users\hp\.cache\selenium\chromedriver\win64\131.0.6778.204\chromedriver.exe" daemon [_thread_in_native, id=25812, stack(0x000000f281400000,0x000000f281500000)]
  0x000002b9ec3b9d20 JavaThread "Driver Service Executor" daemon [_thread_blocked, id=24984, stack(0x000000f281500000,0x000000f281600000)]
  0x000002b9ec3b74a0 JavaThread "Driver Service Executor" daemon [_thread_blocked, id=26280, stack(0x000000f281600000,0x000000f281700000)]
  0x000002b9ebdd1d60 JavaThread "External Process Output Forwarder - C:\Users\hp\.cache\selenium\chromedriver\win64\131.0.6778.204\chromedriver.exe" daemon [_thread_in_native, id=31424, stack(0x000000f281700000,0x000000f281800000)]
  0x000002b9eaeb1b10 JavaThread "Driver Service Executor" daemon [_thread_blocked, id=31428, stack(0x000000f281800000,0x000000f281900000)]
  0x000002b9e6c2d230 JavaThread "Driver Service Executor" daemon [_thread_blocked, id=38552, stack(0x000000f281900000,0x000000f281a00000)]
  0x000002b9ebdd2780 JavaThread "HttpClient-100-SelectorManager" daemon [_thread_in_native, id=31528, stack(0x000000f281a00000,0x000000f281b00000)]
  0x000002b9e7508ab0 JavaThread "External Process Output Forwarder - C:\Users\hp\.cache\selenium\chromedriver\win64\131.0.6778.204\chromedriver.exe" daemon [_thread_in_native, id=8264, stack(0x000000f281b00000,0x000000f281c00000)]
  0x000002b9ebdd0e30 JavaThread "Driver Service Executor" daemon [_thread_blocked, id=37780, stack(0x000000f281c00000,0x000000f281d00000)]
  0x000002b9ebdd2270 JavaThread "Driver Service Executor" daemon [_thread_blocked, id=37800, stack(0x000000f281d00000,0x000000f281e00000)]
  0x000002b9e750b840 JavaThread "External Process Output Forwarder - C:\Users\hp\.cache\selenium\chromedriver\win64\131.0.6778.204\chromedriver.exe" daemon [_thread_in_native, id=37816, stack(0x000000f281e00000,0x000000f281f00000)]
  0x000002b9ebdd3bc0 JavaThread "Driver Service Executor" daemon [_thread_blocked, id=39608, stack(0x000000f281f00000,0x000000f282000000)]
  0x000002b9eaeb10f0 JavaThread "Driver Service Executor" daemon [_thread_blocked, id=18204, stack(0x000000f282000000,0x000000f282100000)]
  0x000002b9ecdd9ff0 JavaThread "External Process Output Forwarder - C:\Users\hp\.cache\selenium\chromedriver\win64\131.0.6778.204\chromedriver.exe" daemon [_thread_in_native, id=36832, stack(0x000000f282100000,0x000000f282200000)]
  0x000002b9ecdda500 JavaThread "Driver Service Executor" daemon [_thread_blocked, id=35184, stack(0x000000f282200000,0x000000f282300000)]
  0x000002b9ecddcd80 JavaThread "Driver Service Executor" daemon [_thread_blocked, id=32516, stack(0x000000f282300000,0x000000f282400000)]
  0x000002b9e7508090 JavaThread "External Process Output Forwarder - C:\Users\hp\.cache\selenium\chromedriver\win64\131.0.6778.204\chromedriver.exe" daemon [_thread_in_native, id=2624, stack(0x000000f282400000,0x000000f282500000)]
  0x000002b9ea275050 JavaThread "Driver Service Executor" daemon [_thread_blocked, id=32512, stack(0x000000f282500000,0x000000f282600000)]
  0x000002b9ea2769a0 JavaThread "Driver Service Executor" daemon [_thread_blocked, id=39220, stack(0x000000f282600000,0x000000f282700000)]
  0x000002b9eaeb2a40 JavaThread "External Process Output Forwarder - C:\Users\hp\.cache\selenium\chromedriver\win64\131.0.6778.204\chromedriver.exe" daemon [_thread_in_native, id=33856, stack(0x000000f282700000,0x000000f282800000)]
  0x000002b9eaeafcb0 JavaThread "Driver Service Executor" daemon [_thread_blocked, id=34712, stack(0x000000f282800000,0x000000f282900000)]
  0x000002b9ebdd45e0 JavaThread "Driver Service Executor" daemon [_thread_blocked, id=36488, stack(0x000000f282900000,0x000000f282a00000)]
  0x000002b9ec3b8df0 JavaThread "External Process Output Forwarder - C:\Users\hp\.cache\selenium\chromedriver\win64\131.0.6778.204\chromedriver.exe" daemon [_thread_in_native, id=37588, stack(0x000000f282a00000,0x000000f282b00000)]
  0x000002b9ebdd1340 JavaThread "Driver Service Executor" daemon [_thread_blocked, id=37764, stack(0x000000f282b00000,0x000000f282c00000)]
  0x000002b9e6c2d740 JavaThread "Driver Service Executor" daemon [_thread_blocked, id=34744, stack(0x000000f282c00000,0x000000f282d00000)]
  0x000002b9e6c2e670 JavaThread "pool-52-thread-1" [_thread_blocked, id=17292, stack(0x000000f282d00000,0x000000f282e00000)]
  0x000002b9e750a400 JavaThread "pool-36-thread-1" [_thread_blocked, id=33648, stack(0x000000f282e00000,0x000000f282f00000)]
  0x000002b9e7509ef0 JavaThread "pool-12-thread-1" [_thread_blocked, id=31112, stack(0x000000f282f00000,0x000000f283000000)]
  0x000002b9ea276eb0 JavaThread "pool-34-thread-1" [_thread_blocked, id=36804, stack(0x000000f283000000,0x000000f283100000)]
  0x000002b9ebdd1850 JavaThread "pool-32-thread-1" [_thread_blocked, id=34572, stack(0x000000f283100000,0x000000f283200000)]
  0x000002b9ebba1df0 JavaThread "pool-15-thread-1" [_thread_blocked, id=20596, stack(0x000000f283200000,0x000000f283300000)]
  0x000002b9ebba18e0 JavaThread "pool-29-thread-1" [_thread_blocked, id=40636, stack(0x000000f283300000,0x000000f283400000)]
  0x000002b9ecddd290 JavaThread "pool-3-thread-1" [_thread_blocked, id=12460, stack(0x000000f283400000,0x000000f283500000)]
  0x000002b9e6c2dc50 JavaThread "pool-47-thread-1" [_thread_blocked, id=32776, stack(0x000000f283500000,0x000000f283600000)]
  0x000002b9ebba04a0 JavaThread "pool-19-thread-1" [_thread_blocked, id=32864, stack(0x000000f283600000,0x000000f283700000)]
  0x000002b9ebb9f060 JavaThread "pool-28-thread-1" [_thread_blocked, id=22064, stack(0x000000f283700000,0x000000f283800000)]
  0x000002b9eaeaf7a0 JavaThread "pool-35-thread-1" [_thread_blocked, id=26228, stack(0x000000f283800000,0x000000f283900000)]
  0x000002b9eaeb1600 JavaThread "pool-49-thread-1" [_thread_blocked, id=32936, stack(0x000000f283900000,0x000000f283a00000)]
  0x000002b9eaeb2530 JavaThread "pool-6-thread-1" [_thread_blocked, id=33636, stack(0x000000f283a00000,0x000000f283b00000)]
  0x000002b9eaeb01c0 JavaThread "pool-45-thread-1" [_thread_blocked, id=25036, stack(0x000000f283b00000,0x000000f283c00000)]
  0x000002b9eaeb06d0 JavaThread "pool-16-thread-1" [_thread_blocked, id=33612, stack(0x000000f283c00000,0x000000f283d00000)]
  0x000002b9eaeaf290 JavaThread "pool-33-thread-1" [_thread_blocked, id=33788, stack(0x000000f283d00000,0x000000f283e00000)]
  0x000002b9eaeb0be0 JavaThread "pool-44-thread-1" [_thread_blocked, id=33620, stack(0x000000f283e00000,0x000000f283f00000)]
  0x000002b9eaeb2020 JavaThread "pool-22-thread-1" [_thread_blocked, id=33808, stack(0x000000f283f00000,0x000000f284000000)]
  0x000002b9ebdd2c90 JavaThread "pool-31-thread-1" [_thread_blocked, id=33824, stack(0x000000f284000000,0x000000f284100000)]
  0x000002b9ebdd40d0 JavaThread "pool-4-thread-1" [_thread_blocked, id=33828, stack(0x000000f284100000,0x000000f284200000)]
  0x000002b9ebdd31a0 JavaThread "pool-40-thread-1" [_thread_blocked, id=33628, stack(0x000000f284200000,0x000000f284300000)]
  0x000002b9ebdd36b0 JavaThread "pool-30-thread-1" [_thread_blocked, id=33608, stack(0x000000f284300000,0x000000f284400000)]
  0x000002b9ebb9ff90 JavaThread "External Process Output Forwarder - C:\Users\hp\.cache\selenium\chromedriver\win64\131.0.6778.204\chromedriver.exe" daemon [_thread_in_native, id=33616, stack(0x000000f284400000,0x000000f284500000)]
  0x000002b9ed99bc10 JavaThread "pool-43-thread-1" [_thread_blocked, id=33632, stack(0x000000f284500000,0x000000f284600000)]
  0x000002b9e7508fc0 JavaThread "pool-17-thread-1" [_thread_blocked, id=33800, stack(0x000000f284600000,0x000000f284700000)]
  0x000002b9e6c2f090 JavaThread "pool-8-thread-1" [_thread_blocked, id=33804, stack(0x000000f284700000,0x000000f284800000)]
  0x000002b9e75099e0 JavaThread "pool-10-thread-1" [_thread_blocked, id=33816, stack(0x000000f284800000,0x000000f284900000)]
  0x000002b9e6c2eb80 JavaThread "pool-38-thread-1" [_thread_blocked, id=33820, stack(0x000000f284900000,0x000000f284a00000)]
  0x000002b9ed999db0 JavaThread "pool-7-thread-1" [_thread_blocked, id=33812, stack(0x000000f284a00000,0x000000f284b00000)]
  0x000002b9ed99c630 JavaThread "pool-14-thread-1" [_thread_blocked, id=33784, stack(0x000000f284b00000,0x000000f284c00000)]
  0x000002b9ed99cb40 JavaThread "pool-50-thread-1" [_thread_blocked, id=32928, stack(0x000000f284c00000,0x000000f284d00000)]
  0x000002b9ed99b700 JavaThread "pool-48-thread-1" [_thread_blocked, id=34756, stack(0x000000f284d00000,0x000000f284e00000)]
  0x000002b9e617e970 JavaThread "pool-51-thread-1" [_thread_blocked, id=32784, stack(0x000000f284e00000,0x000000f284f00000)]
  0x000002b9e617d020 JavaThread "pool-25-thread-1" [_thread_blocked, id=32860, stack(0x000000f284f00000,0x000000f285000000)]
  0x000002b9e617ee80 JavaThread "pool-5-thread-1" [_thread_blocked, id=33488, stack(0x000000f285000000,0x000000f285100000)]
  0x000002b9e617da40 JavaThread "pool-26-thread-1" [_thread_blocked, id=33012, stack(0x000000f285100000,0x000000f285200000)]
  0x000002b9e750a910 JavaThread "pool-11-thread-1" [_thread_blocked, id=8344, stack(0x000000f285200000,0x000000f285300000)]
  0x000002b9ea273c10 JavaThread "pool-23-thread-1" [_thread_blocked, id=31368, stack(0x000000f285300000,0x000000f285400000)]
  0x000002b9ebba09b0 JavaThread "Driver Service Executor" daemon [_thread_blocked, id=21416, stack(0x000000f285400000,0x000000f285500000)]
  0x000002b9e861d670 JavaThread "Driver Service Executor" daemon [_thread_blocked, id=22824, stack(0x000000f285500000,0x000000f285600000)]
  0x000002b9e617b6d0 JavaThread "pool-46-thread-1" [_thread_blocked, id=40368, stack(0x000000f285600000,0x000000f285700000)]
  0x000002b9eccd8940 JavaThread "pool-39-thread-1" [_thread_blocked, id=6136, stack(0x000000f285700000,0x000000f285800000)]
  0x000002b9e861c740 JavaThread "pool-1-thread-1" [_thread_blocked, id=37300, stack(0x000000f285800000,0x000000f285900000)]
  0x000002b9ed99a2c0 JavaThread "pool-53-thread-1" [_thread_blocked, id=38972, stack(0x000000f285900000,0x000000f285a00000)]
  0x000002b9e750ae20 JavaThread "External Process Output Forwarder - C:\Users\hp\.cache\selenium\chromedriver\win64\131.0.6778.204\chromedriver.exe" daemon [_thread_in_native, id=37324, stack(0x000000f285a00000,0x000000f285b00000)]
  0x000002b9ed999390 JavaThread "Driver Service Executor" daemon [_thread_blocked, id=39060, stack(0x000000f285b00000,0x000000f285c00000)]
  0x000002b9e617e460 JavaThread "Driver Service Executor" daemon [_thread_blocked, id=36692, stack(0x000000f285c00000,0x000000f285d00000)]
  0x000002b9e617cb10 JavaThread "External Process Output Forwarder - C:\Users\hp\.cache\selenium\chromedriver\win64\131.0.6778.204\chromedriver.exe" daemon [_thread_in_native, id=37368, stack(0x000000f285d00000,0x000000f285e00000)]
  0x000002b9eccd7f20 JavaThread "Driver Service Executor" daemon [_thread_blocked, id=37308, stack(0x000000f285e00000,0x000000f285f00000)]
  0x000002b9a0aa3060 JavaThread "Driver Service Executor" daemon [_thread_blocked, id=37348, stack(0x000000f285f00000,0x000000f286000000)]
  0x000002b9e750b330 JavaThread "pool-20-thread-1" [_thread_blocked, id=10936, stack(0x000000f286000000,0x000000f286100000)]
  0x000002b9e6c2ffc0 JavaThread "pool-37-thread-1" [_thread_blocked, id=36896, stack(0x000000f286100000,0x000000f286200000)]
  0x000002b9eccd8430 JavaThread "External Process Output Forwarder - C:\Users\hp\.cache\selenium\chromedriver\win64\131.0.6778.204\chromedriver.exe" daemon [_thread_in_native, id=35260, stack(0x000000f286200000,0x000000f286300000)]
  0x000002b9eccd9870 JavaThread "Driver Service Executor" daemon [_thread_blocked, id=35284, stack(0x000000f286300000,0x000000f286400000)]
  0x000002b9e611dec0 JavaThread "Driver Service Executor" daemon [_thread_blocked, id=35288, stack(0x000000f286400000,0x000000f286500000)]
  0x000002b9e861cc50 JavaThread "External Process Output Forwarder - C:\Users\hp\.cache\selenium\chromedriver\win64\131.0.6778.204\chromedriver.exe" daemon [_thread_in_native, id=35296, stack(0x000000f286500000,0x000000f286600000)]
  0x000002b9e861eab0 JavaThread "Driver Service Executor" daemon [_thread_blocked, id=34428, stack(0x000000f286600000,0x000000f286700000)]
  0x000002b9e861c230 JavaThread "Driver Service Executor" daemon [_thread_blocked, id=35344, stack(0x000000f286700000,0x000000f286800000)]
  0x000002b9e6c2c810 JavaThread "External Process Output Forwarder - C:\Users\hp\.cache\selenium\chromedriver\win64\131.0.6778.204\chromedriver.exe" daemon [_thread_in_native, id=34424, stack(0x000000f286800000,0x000000f286900000)]
  0x000002b9e617bbe0 JavaThread "Driver Service Executor" daemon [_thread_blocked, id=33360, stack(0x000000f286900000,0x000000f286a00000)]
  0x000002b9ec3b79b0 JavaThread "pool-41-thread-1" [_thread_blocked, id=36556, stack(0x000000f286a00000,0x000000f286b00000)]
  0x000002b9ec3b7ec0 JavaThread "Driver Service Executor" daemon [_thread_blocked, id=35748, stack(0x000000f286b00000,0x000000f286c00000)]
  0x000002b9e861e090 JavaThread "External Process Output Forwarder - C:\Users\hp\.cache\selenium\chromedriver\win64\131.0.6778.204\chromedriver.exe" daemon [_thread_in_native, id=35484, stack(0x000000f286c00000,0x000000f286d00000)]
  0x000002b9a0aa2640 JavaThread "Driver Service Executor" daemon [_thread_blocked, id=35824, stack(0x000000f286d00000,0x000000f286e00000)]
  0x000002b9ed99a7d0 JavaThread "Driver Service Executor" daemon [_thread_blocked, id=33172, stack(0x000000f286e00000,0x000000f286f00000)]
  0x000002b9ec3b6570 JavaThread "External Process Output Forwarder - C:\Users\hp\.cache\selenium\chromedriver\win64\131.0.6778.204\chromedriver.exe" daemon [_thread_in_native, id=3988, stack(0x000000f286f00000,0x000000f287000000)]
  0x000002b9ed99c120 JavaThread "Driver Service Executor" daemon [_thread_blocked, id=32972, stack(0x000000f287000000,0x000000f287100000)]
  0x000002b9e617c0f0 JavaThread "Driver Service Executor" daemon [_thread_blocked, id=32944, stack(0x000000f287100000,0x000000f287200000)]
  0x000002b9a0aa3a80 JavaThread "pool-48-thread-2" [_thread_blocked, id=32948, stack(0x000000f287200000,0x000000f287300000)]
  0x000002b9eccd8e50 JavaThread "pool-36-thread-2" [_thread_blocked, id=33260, stack(0x000000f287300000,0x000000f287400000)]
  0x000002b9eccd9360 JavaThread "pool-41-thread-2" [_thread_blocked, id=39616, stack(0x000000f287400000,0x000000f287500000)]
  0x000002b9ec3b6a80 JavaThread "pool-7-thread-2" [_thread_blocked, id=34780, stack(0x000000f287500000,0x000000f287600000)]
  0x000002b9e74e0430 JavaThread "pool-51-thread-2" [_thread_blocked, id=32316, stack(0x000000f287600000,0x000000f287700000)]
  0x000002b9a0aa3f90 JavaThread "pool-19-thread-2" [_thread_blocked, id=6268, stack(0x000000f287700000,0x000000f287800000)]
  0x000002b9eb742580 JavaThread "pool-28-thread-2" [_thread_blocked, id=17468, stack(0x000000f287800000,0x000000f287900000)]
  0x000002b9e74e0940 JavaThread "pool-5-thread-2" [_thread_blocked, id=26036, stack(0x000000f287900000,0x000000f287a00000)]
  0x000002b9e74de0c0 JavaThread "pool-23-thread-2" [_thread_blocked, id=4344, stack(0x000000f287a00000,0x000000f287b00000)]
  0x000002b9ec3b83d0 JavaThread "pool-25-thread-2" [_thread_blocked, id=21580, stack(0x000000f287b00000,0x000000f287c00000)]
  0x000002b9ec3b88e0 JavaThread "pool-39-thread-2" [_thread_blocked, id=31100, stack(0x000000f287c00000,0x000000f287d00000)]
  0x000002b9e74dfa10 JavaThread "pool-22-thread-2" [_thread_blocked, id=39468, stack(0x000000f287d00000,0x000000f287e00000)]
  0x000002b9e74e0e50 JavaThread "pool-49-thread-2" [_thread_blocked, id=24772, stack(0x000000f287e00000,0x000000f287f00000)]
  0x000002b9ec3b9300 JavaThread "pool-29-thread-2" [_thread_blocked, id=26024, stack(0x000000f287f00000,0x000000f288000000)]
  0x000002b9e74e1360 JavaThread "pool-17-thread-2" [_thread_blocked, id=32220, stack(0x000000f288000000,0x000000f288100000)]
  0x000002b9e74dff20 JavaThread "pool-6-thread-2" [_thread_blocked, id=23472, stack(0x000000f288100000,0x000000f288200000)]
  0x000002b9ed99ace0 JavaThread "pool-35-thread-2" [_thread_blocked, id=26776, stack(0x000000f288200000,0x000000f288300000)]
  0x000002b9e74de5d0 JavaThread "pool-16-thread-2" [_thread_blocked, id=36612, stack(0x000000f288300000,0x000000f288400000)]
  0x000002b9e74deae0 JavaThread "pool-37-thread-2" [_thread_blocked, id=40504, stack(0x000000f288400000,0x000000f288500000)]
  0x000002b9ea85ea90 JavaThread "pool-33-thread-2" [_thread_blocked, id=35064, stack(0x000000f288500000,0x000000f288600000)]
  0x000002b9e74e1870 JavaThread "pool-40-thread-2" [_thread_blocked, id=32252, stack(0x000000f288600000,0x000000f288700000)]
  0x000002b9ea85c210 JavaThread "pool-38-thread-2" [_thread_blocked, id=22652, stack(0x000000f288700000,0x000000f288800000)]
  0x000002b9eb742a90 JavaThread "External Process Output Forwarder - C:\Users\hp\.cache\selenium\chromedriver\win64\131.0.6778.204\chromedriver.exe" daemon [_thread_in_native, id=38728, stack(0x000000f288800000,0x000000f288900000)]
  0x000002b9e74deff0 JavaThread "pool-46-thread-2" [_thread_blocked, id=40056, stack(0x000000f288900000,0x000000f288a00000)]
  0x000002b9e861f9e0 JavaThread "Driver Service Executor" daemon [_thread_blocked, id=29912, stack(0x000000f288a00000,0x000000f288b00000)]
  0x000002b9e861e5a0 JavaThread "Driver Service Executor" daemon [_thread_blocked, id=38528, stack(0x000000f288b00000,0x000000f288c00000)]
  0x000002b9e861d160 JavaThread "pool-27-thread-1" [_thread_blocked, id=38916, stack(0x000000f288c00000,0x000000f288d00000)]
  0x000002b9e861db80 JavaThread "pool-45-thread-2" [_thread_blocked, id=15904, stack(0x000000f288d00000,0x000000f288e00000)]
  0x000002b9e611f810 JavaThread "pool-44-thread-2" [_thread_blocked, id=25984, stack(0x000000f288e00000,0x000000f288f00000)]
  0x000002b9ed9998a0 JavaThread "pool-9-thread-1" [_thread_blocked, id=21808, stack(0x000000f288f00000,0x000000f289000000)]
  0x000002b9eb7434b0 JavaThread "pool-18-thread-1" [_thread_blocked, id=12744, stack(0x000000f289000000,0x000000f289100000)]
  0x000002b9ea85d650 JavaThread "pool-20-thread-2" [_thread_blocked, id=9676, stack(0x000000f289100000,0x000000f289200000)]
  0x000002b9e861efc0 JavaThread "pool-11-thread-2" [_thread_blocked, id=40544, stack(0x000000f289200000,0x000000f289300000)]
  0x000002b9e617d530 JavaThread "pool-32-thread-2" [_thread_blocked, id=32064, stack(0x000000f289300000,0x000000f289400000)]
  0x000002b9e861f4d0 JavaThread "pool-50-thread-2" [_thread_blocked, id=40428, stack(0x000000f289400000,0x000000f289500000)]
  0x000002b9a0aa2b50 JavaThread "pool-47-thread-2" [_thread_blocked, id=6940, stack(0x000000f289500000,0x000000f289600000)]
  0x000002b9a0aa3570 JavaThread "pool-52-thread-2" [_thread_blocked, id=20272, stack(0x000000f289600000,0x000000f289700000)]
  0x000002b9eb7439c0 JavaThread "pool-31-thread-2" [_thread_blocked, id=7908, stack(0x000000f289700000,0x000000f289800000)]
  0x000002b9eb741140 JavaThread "pool-3-thread-2" [_thread_blocked, id=39624, stack(0x000000f289800000,0x000000f289900000)]
  0x000002b9eb742fa0 JavaThread "pool-26-thread-2" [_thread_blocked, id=4636, stack(0x000000f289900000,0x000000f289a00000)]
  0x000002b9eb741650 JavaThread "pool-15-thread-2" [_thread_blocked, id=25060, stack(0x000000f289a00000,0x000000f289b00000)]
  0x000002b9eb740210 JavaThread "pool-8-thread-2" [_thread_blocked, id=25616, stack(0x000000f289b00000,0x000000f289c00000)]
  0x000002b9eb740720 JavaThread "pool-14-thread-2" [_thread_blocked, id=17044, stack(0x000000f289c00000,0x000000f289d00000)]
  0x000002b9eb740c30 JavaThread "pool-10-thread-2" [_thread_blocked, id=37512, stack(0x000000f289d00000,0x000000f289e00000)]
  0x000002b9eb741b60 JavaThread "pool-4-thread-2" [_thread_blocked, id=16416, stack(0x000000f289e00000,0x000000f289f00000)]
  0x000002b9e74df500 JavaThread "pool-41-thread-3" [_thread_blocked, id=40524, stack(0x000000f289f00000,0x000000f28a000000)]
  0x000002b9e617df50 JavaThread "pool-12-thread-2" [_thread_blocked, id=8604, stack(0x000000f28a200000,0x000000f28a300000)]
  0x000002b9ed99b1f0 JavaThread "pool-53-thread-2" [_thread_blocked, id=25276, stack(0x000000f28a300000,0x000000f28a400000)]
  0x000002b9e617c600 JavaThread "pool-43-thread-2" [_thread_blocked, id=40204, stack(0x000000f28a400000,0x000000f28a500000)]
  0x000002b9e611e3d0 JavaThread "pool-1-thread-2" [_thread_blocked, id=3696, stack(0x000000f28a500000,0x000000f28a600000)]
  0x000002b9ea85cc30 JavaThread "External Process Output Forwarder - C:\Users\hp\.cache\selenium\chromedriver\win64\131.0.6778.204\chromedriver.exe" daemon [_thread_in_native, id=40432, stack(0x000000f28a600000,0x000000f28a700000)]
  0x000002b9e6a6bee0 JavaThread "External Process Output Forwarder - C:\Users\hp\.cache\selenium\chromedriver\win64\131.0.6778.204\chromedriver.exe" daemon [_thread_in_native, id=32764, stack(0x000000f28a700000,0x000000f28a800000)]
  0x000002b9e6a6ce10 JavaThread "Driver Service Executor" daemon [_thread_blocked, id=21888, stack(0x000000f28a800000,0x000000f28a900000)]
  0x000002b9e6a6afb0 JavaThread "Driver Service Executor" daemon [_thread_blocked, id=39640, stack(0x000000f28a900000,0x000000f28aa00000)]
  0x000002b9ec0bb6b0 JavaThread "Driver Service Executor" daemon [_thread_blocked, id=37384, stack(0x000000f28aa00000,0x000000f28ab00000)]
  0x000002b9ec0bd350 JavaThread "pool-34-thread-2" [_thread_blocked, id=39248, stack(0x000000f28ab00000,0x000000f28ac00000)]
  0x000002b9ec0b8e30 JavaThread "pool-30-thread-2" [_thread_blocked, id=37388, stack(0x000000f28ac00000,0x000000f28ad00000)]
  0x000002b9ec0b9340 JavaThread "Driver Service Executor" daemon [_thread_blocked, id=37404, stack(0x000000f28ad00000,0x000000f28ae00000)]
  0x000002b9ea85db60 JavaThread "pool-5-thread-3" [_thread_blocked, id=37464, stack(0x000000f28ae00000,0x000000f28af00000)]
  0x000002b9e7192b60 JavaThread "pool-13-thread-1" [_thread_blocked, id=37392, stack(0x000000f28af00000,0x000000f28b000000)]
  0x000002b9eb742070 JavaThread "pool-19-thread-3" [_thread_blocked, id=39268, stack(0x000000f28b000000,0x000000f28b100000)]
  0x000002b9ea85e070 JavaThread "pool-7-thread-3" [_thread_blocked, id=39272, stack(0x000000f28b100000,0x000000f28b200000)]
  0x000002b9ec0b9850 JavaThread "pool-23-thread-3" [_thread_blocked, id=37112, stack(0x000000f28b200000,0x000000f28b300000)]
  0x000002b9ec0bd860 JavaThread "pool-28-thread-3" [_thread_blocked, id=39288, stack(0x000000f28b300000,0x000000f28b400000)]
  0x000002b9e7193070 JavaThread "pool-25-thread-3" [_thread_blocked, id=15780, stack(0x000000f28b400000,0x000000f28b500000)]
  0x000002b9e6a6a080 JavaThread "pool-49-thread-3" [_thread_blocked, id=39256, stack(0x000000f28b500000,0x000000f28b600000)]
  0x000002b9e6a6c3f0 JavaThread "pool-16-thread-3" [_thread_blocked, id=38284, stack(0x000000f28b600000,0x000000f28b700000)]
  0x000002b9e611e8e0 JavaThread "pool-24-thread-1" [_thread_blocked, id=38696, stack(0x000000f28b700000,0x000000f28b800000)]
  0x000002b9e7193a90 JavaThread "pool-40-thread-3" [_thread_blocked, id=40768, stack(0x000000f28b800000,0x000000f28b900000)]
  0x000002b9ecd55940 JavaThread "pool-44-thread-3" [_thread_blocked, id=22164, stack(0x000000f28b900000,0x000000f28ba00000)]
  0x000002b9ec0bc930 JavaThread "pool-11-thread-3" [_thread_blocked, id=34864, stack(0x000000f28ba00000,0x000000f28bb00000)]
  0x000002b9ec0ba270 JavaThread "pool-39-thread-3" [_thread_blocked, id=34868, stack(0x000000f28bb00000,0x000000f28bc00000)]
  0x000002b9ea85e580 JavaThread "pool-17-thread-3" [_thread_blocked, id=34856, stack(0x000000f28bc00000,0x000000f28bd00000)]
  0x000002b9ea85f9c0 JavaThread "pool-6-thread-3" [_thread_blocked, id=34472, stack(0x000000f28bd00000,0x000000f28be00000)]
  0x000002b9ea85c720 JavaThread "pool-37-thread-3" [_thread_blocked, id=34888, stack(0x000000f28be00000,0x000000f28bf00000)]
  0x000002b9ec0bac90 JavaThread "pool-46-thread-3" [_thread_blocked, id=32096, stack(0x000000f28bf00000,0x000000f28c000000)]
  0x000002b9ecd52bb0 JavaThread "pool-45-thread-3" [_thread_blocked, id=26328, stack(0x000000f28c000000,0x000000f28c100000)]
  0x000002b9ec0bbbc0 JavaThread "pool-20-thread-3" [_thread_blocked, id=9968, stack(0x000000f28c100000,0x000000f28c200000)]
  0x000002b9ecd530c0 JavaThread "pool-18-thread-2" [_thread_blocked, id=39972, stack(0x000000f28c200000,0x000000f28c300000)]
  0x000002b9ea85d140 JavaThread "pool-27-thread-2" [_thread_blocked, id=26788, stack(0x000000f28c300000,0x000000f28c400000)]
  0x000002b9ec0bc420 JavaThread "pool-24-thread-2" [_thread_blocked, id=22532, stack(0x000000f28c400000,0x000000f28c500000)]
  0x000002b9e7194ed0 JavaThread "pool-42-thread-1" [_thread_blocked, id=20624, stack(0x000000f28c500000,0x000000f28c600000)]
  0x000002b9ec0b9d60 JavaThread "pool-100-thread-1" [_thread_blocked, id=20924, stack(0x000000f28c600000,0x000000f28c700000)]
  0x000002b9ecd55e50 JavaThread "pool-21-thread-1" [_thread_blocked, id=18676, stack(0x000000f28c700000,0x000000f28c800000)]
  0x000002b9ec0be280 JavaThread "pool-2-thread-1" [_thread_blocked, id=24932, stack(0x000000f28c800000,0x000000f28c900000)]
  0x000002b9ec0bf6c0 JavaThread "pool-34-thread-3" [_thread_blocked, id=11308, stack(0x000000f28c900000,0x000000f28ca00000)]
  0x000002b9e6a6d320 JavaThread "pool-13-thread-2" [_thread_blocked, id=13828, stack(0x000000f28ca00000,0x000000f28cb00000)]
  0x000002b9e6a6c900 JavaThread "pool-51-thread-3" [_thread_blocked, id=17836, stack(0x000000f28cb00000,0x000000f28cc00000)]
  0x000002b9ecd54f20 JavaThread "pool-52-thread-3" [_thread_blocked, id=31408, stack(0x000000f28cc00000,0x000000f28cd00000)]
  0x000002b9ecd55430 JavaThread "pool-8-thread-3" [_thread_blocked, id=21112, stack(0x000000f28cd00000,0x000000f28ce00000)]
  0x000002b9ec0bce40 JavaThread "pool-4-thread-3" [_thread_blocked, id=13100, stack(0x000000f28ce00000,0x000000f28cf00000)]
  0x000002b9ec0bdd70 JavaThread "pool-1-thread-3" [_thread_blocked, id=25352, stack(0x000000f28cf00000,0x000000f28d000000)]
  0x000002b9e9f320c0 JavaThread "pool-30-thread-3" [_thread_blocked, id=39548, stack(0x000000f28d000000,0x000000f28d100000)]
  0x000002b9e6a6d830 JavaThread "External Process Output Forwarder - C:\Users\hp\.cache\selenium\chromedriver\win64\131.0.6778.204\chromedriver.exe" daemon [_thread_in_native, id=27848, stack(0x000000f28d100000,0x000000f28d200000)]
  0x000002b9e6a6a590 JavaThread "Driver Service Executor" daemon [_thread_blocked, id=11060, stack(0x000000f28d200000,0x000000f28d300000)]
  0x000002b9e6a6aaa0 JavaThread "Driver Service Executor" daemon [_thread_blocked, id=10408, stack(0x000000f28d300000,0x000000f28d400000)]
  0x000002b9e7192140 JavaThread "pool-9-thread-2" [_thread_blocked, id=20656, stack(0x000000f28d400000,0x000000f28d500000)]
  0x000002b9ec0be790 JavaThread "pool-31-thread-3" [_thread_blocked, id=25368, stack(0x000000f28d500000,0x000000f28d600000)]
  0x000002b9e9f2f840 JavaThread "External Process Output Forwarder - C:\Users\hp\.cache\selenium\chromedriver\win64\131.0.6778.204\chromedriver.exe" daemon [_thread_in_native, id=884, stack(0x000000f28d600000,0x000000f28d700000)]
  0x000002b9e9f31190 JavaThread "Driver Service Executor" daemon [_thread_blocked, id=8232, stack(0x000000f28d700000,0x000000f28d800000)]
  0x000002b9e611edf0 JavaThread "External Process Output Forwarder - C:\Users\hp\.cache\selenium\chromedriver\win64\131.0.6778.204\chromedriver.exe" daemon [_thread_in_native, id=23456, stack(0x000000f28d800000,0x000000f28d900000)]
  0x000002b9e611f300 JavaThread "Driver Service Executor" daemon [_thread_blocked, id=21428, stack(0x000000f28d900000,0x000000f28da00000)]
  0x000002b9ee48d650 JavaThread "Driver Service Executor" daemon [_thread_blocked, id=25700, stack(0x000000f28da00000,0x000000f28db00000)]
  0x000002b9e71949c0 JavaThread "pool-99-thread-1" [_thread_blocked, id=27532, stack(0x000000f28db00000,0x000000f28dc00000)]
  0x000002b9ee48ea90 JavaThread "External Process Output Forwarder - C:\Users\hp\.cache\selenium\chromedriver\win64\131.0.6778.204\chromedriver.exe" daemon [_thread_in_native, id=39156, stack(0x000000f28dc00000,0x000000f28dd00000)]
  0x000002b9ee48f4b0 JavaThread "Driver Service Executor" daemon [_thread_blocked, id=21848, stack(0x000000f28dd00000,0x000000f28de00000)]
  0x000002b9e7193fa0 JavaThread "pool-43-thread-3" [_thread_blocked, id=34164, stack(0x000000f28de00000,0x000000f28df00000)]
  0x000002b9e9f32ae0 JavaThread "Driver Service Executor" daemon [_thread_blocked, id=31864, stack(0x000000f28df00000,0x000000f28e000000)]
  0x000002b9ee48e070 JavaThread "Driver Service Executor" daemon [_thread_blocked, id=36784, stack(0x000000f28e000000,0x000000f28e100000)]
  0x000002b9ecd56360 JavaThread "External Process Output Forwarder - C:\Users\hp\.cache\selenium\chromedriver\win64\131.0.6778.204\chromedriver.exe" daemon [_thread_in_native, id=5428, stack(0x000000f28e100000,0x000000f28e200000)]
  0x000002b9ecd535d0 JavaThread "Driver Service Executor" daemon [_thread_blocked, id=18792, stack(0x000000f28e200000,0x000000f28e300000)]
  0x000002b9ecd53ae0 JavaThread "Driver Service Executor" daemon [_thread_blocked, id=32704, stack(0x000000f28e300000,0x000000f28e400000)]
  0x000002b9ec0beca0 JavaThread "pool-42-thread-2" [_thread_blocked, id=34672, stack(0x000000f28e400000,0x000000f28e500000)]
  0x000002b9ec0bf1b0 JavaThread "pool-42-thread-3" [_thread_blocked, id=34684, stack(0x000000f28e500000,0x000000f28e600000)]
  0x000002b9ea85efa0 JavaThread "pool-2-thread-2" [_thread_blocked, id=25344, stack(0x000000f28e600000,0x000000f28e700000)]
  0x000002b9ea85f4b0 JavaThread "pool-2-thread-3" [_thread_blocked, id=7224, stack(0x000000f28e700000,0x000000f28e800000)]
  0x000002b9ecd53ff0 JavaThread "External Process Output Forwarder - C:\Users\hp\.cache\selenium\chromedriver\win64\131.0.6778.204\chromedriver.exe" daemon [_thread_in_native, id=33920, stack(0x000000f28e800000,0x000000f28e900000)]
  0x000002b9ecd54500 JavaThread "Driver Service Executor" daemon [_thread_blocked, id=33716, stack(0x000000f28e900000,0x000000f28ea00000)]
  0x000002b9ecd54a10 JavaThread "Driver Service Executor" daemon [_thread_blocked, id=34096, stack(0x000000f28ea00000,0x000000f28eb00000)]
  0x000002b9e6a6b4c0 JavaThread "pool-100-thread-2" [_thread_blocked, id=33916, stack(0x000000f28eb00000,0x000000f28ec00000)]
  0x000002b9e6a6b9d0 JavaThread "pool-100-thread-3" [_thread_blocked, id=33872, stack(0x000000f28ec00000,0x000000f28ed00000)]
  0x000002b9ec4c8080 JavaThread "pool-21-thread-2" [_thread_blocked, id=29248, stack(0x000000f28ed00000,0x000000f28ee00000)]
  0x000002b9ec4c5800 JavaThread "pool-21-thread-3" [_thread_blocked, id=31524, stack(0x000000f28ee00000,0x000000f28ef00000)]
  0x000002b9ec4c6220 JavaThread "External Process Output Forwarder - C:\Users\hp\.cache\selenium\chromedriver\win64\131.0.6778.204\chromedriver.exe" daemon [_thread_in_native, id=33072, stack(0x000000f28ef00000,0x000000f28f000000)]
  0x000002b9ec4c6730 JavaThread "Driver Service Executor" daemon [_thread_blocked, id=32508, stack(0x000000f28f000000,0x000000f28f100000)]
  0x000002b9ec4c7660 JavaThread "Driver Service Executor" daemon [_thread_blocked, id=19948, stack(0x000000f28f100000,0x000000f28f200000)]
  0x000002b9e71953e0 JavaThread "pool-99-thread-2" [_thread_blocked, id=48544, stack(0x000000f28f200000,0x000000f28f300000)]
  0x000002b9a0d391b0 JavaThread "pool-93-thread-1" [_thread_blocked, id=49288, stack(0x000000f28f400000,0x000000f28f500000)]
  0x000002b9a0d396c0 JavaThread "pool-92-thread-1" [_thread_blocked, id=50080, stack(0x000000f28f500000,0x000000f28f600000)]
  0x000002b9e64dc570 JavaThread "pool-94-thread-1" [_thread_blocked, id=50096, stack(0x000000f28f600000,0x000000f28f700000)]
  0x000002b9ec4c6c40 JavaThread "pool-95-thread-1" [_thread_blocked, id=50116, stack(0x000000f28f700000,0x000000f28f800000)]
  0x000002b9e9f30260 JavaThread "pool-93-thread-2" [_thread_blocked, id=51784, stack(0x000000f28f800000,0x000000f28f900000)]
  0x000002b9a0d39bd0 JavaThread "External Process Output Forwarder - C:\Users\hp\.cache\selenium\chromedriver\win64\131.0.6778.204\chromedriver.exe" daemon [_thread_in_native, id=52708, stack(0x000000f28f900000,0x000000f28fa00000)]
  0x000002b9a0d3a0e0 JavaThread "Driver Service Executor" daemon [_thread_blocked, id=52712, stack(0x000000f28fa00000,0x000000f28fb00000)]
  0x000002b9a0d3a5f0 JavaThread "Driver Service Executor" daemon [_thread_blocked, id=52716, stack(0x000000f28fb00000,0x000000f28fc00000)]
  0x000002b9a0a4bd10 JavaThread "pool-99-thread-3" [_thread_blocked, id=52992, stack(0x000000f28fc00000,0x000000f28fd00000)]
  0x000002b9ec4c7150 JavaThread "External Process Output Forwarder - C:\Users\hp\.cache\selenium\chromedriver\win64\131.0.6778.204\chromedriver.exe" daemon [_thread_in_native, id=53780, stack(0x000000f28fd00000,0x000000f28fe00000)]
  0x000002b9a0d37d70 JavaThread "Driver Service Executor" daemon [_thread_blocked, id=53784, stack(0x000000f28fe00000,0x000000f28ff00000)]
  0x000002b9a0d37860 JavaThread "Driver Service Executor" daemon [_thread_blocked, id=53788, stack(0x000000f28ff00000,0x000000f290000000)]
  0x000002b9ec4c8fb0 JavaThread "pool-97-thread-1" [_thread_blocked, id=53796, stack(0x000000f290000000,0x000000f290100000)]
  0x000002b9a0d3ab00 JavaThread "pool-92-thread-2" [_thread_blocked, id=53804, stack(0x000000f290100000,0x000000f290200000)]
  0x000002b9a0d3b010 JavaThread "pool-92-thread-3" [_thread_blocked, id=53808, stack(0x000000f290200000,0x000000f290300000)]
  0x000002b9e64d8dc0 JavaThread "ForkJoinPool.commonPool-worker-2" daemon [_thread_blocked, id=53984, stack(0x000000f290300000,0x000000f290400000)]
  0x000002b9e7191c30 JavaThread "pool-95-thread-2" [_thread_blocked, id=54028, stack(0x000000f290400000,0x000000f290500000)]
  0x000002b9a0a4b800 JavaThread "External Process Output Forwarder - C:\Users\hp\.cache\selenium\chromedriver\win64\131.0.6778.204\chromedriver.exe" daemon [_thread_in_native, id=54100, stack(0x000000f290500000,0x000000f290600000)]
  0x000002b9a0a49eb0 JavaThread "Driver Service Executor" daemon [_thread_blocked, id=54104, stack(0x000000f290600000,0x000000f290700000)]
  0x000002b9a0a48560 JavaThread "Driver Service Executor" daemon [_thread_blocked, id=54108, stack(0x000000f290700000,0x000000f290800000)]
  0x000002b9ec0b8410 JavaThread "pool-94-thread-2" [_thread_blocked, id=54112, stack(0x000000f290800000,0x000000f290900000)]
  0x000002b9ec0bb1a0 JavaThread "pool-94-thread-3" [_thread_blocked, id=54116, stack(0x000000f290900000,0x000000f290a00000)]
  0x000002b9a0a48f80 JavaThread "pool-98-thread-1" [_thread_blocked, id=54192, stack(0x000000f290a00000,0x000000f290b00000)]
  0x000002b9ec4c5d10 JavaThread "pool-96-thread-1" [_thread_blocked, id=54292, stack(0x000000f290b00000,0x000000f290c00000)]
  0x000002b9ec4c7b70 JavaThread "pool-97-thread-2" [_thread_blocked, id=54424, stack(0x000000f290c00000,0x000000f290d00000)]
  0x000002b9ec4c8aa0 JavaThread "pool-97-thread-3" [_thread_blocked, id=54428, stack(0x000000f290d00000,0x000000f290e00000)]
  0x000002b9ee48db60 JavaThread "pool-96-thread-2" [_thread_blocked, id=54676, stack(0x000000f290e00000,0x000000f290f00000)]
  0x000002b9ec0ba780 JavaThread "pool-98-thread-2" [_thread_blocked, id=54680, stack(0x000000f290f00000,0x000000f291000000)]
  0x000002b9e9f2fd50 JavaThread "External Process Output Forwarder - C:\Users\hp\.cache\selenium\chromedriver\win64\131.0.6778.204\chromedriver.exe" daemon [_thread_in_native, id=54688, stack(0x000000f291000000,0x000000f291100000)]
  0x000002b9e9f30770 JavaThread "Driver Service Executor" daemon [_thread_blocked, id=54692, stack(0x000000f291100000,0x000000f291200000)]
  0x000002b9e9f32ff0 JavaThread "Driver Service Executor" daemon [_thread_blocked, id=54696, stack(0x000000f291200000,0x000000f291300000)]
  0x000002b9ec0b8920 JavaThread "External Process Output Forwarder - C:\Users\hp\.cache\selenium\chromedriver\win64\131.0.6778.204\chromedriver.exe" daemon [_thread_in_native, id=55224, stack(0x000000f291300000,0x000000f291400000)]
  0x000002b9e6bd8a80 JavaThread "Driver Service Executor" daemon [_thread_blocked, id=55228, stack(0x000000f291400000,0x000000f291500000)]
  0x000002b9e6bdb300 JavaThread "Driver Service Executor" daemon [_thread_blocked, id=55232, stack(0x000000f291500000,0x000000f291600000)]
  0x000002b9ee48d140 JavaThread "External Process Output Forwarder - C:\Users\hp\.cache\selenium\chromedriver\win64\131.0.6778.204\chromedriver.exe" daemon [_thread_in_native, id=56044, stack(0x000000f28f300000,0x000000f28f400000)]
  0x000002b9ee48c210 JavaThread "Driver Service Executor" daemon [_thread_blocked, id=56048, stack(0x000000f291600000,0x000000f291700000)]
  0x000002b9ee48efa0 JavaThread "Driver Service Executor" daemon [_thread_blocked, id=56052, stack(0x000000f291700000,0x000000f291800000)]
  0x000002b9ee48e580 JavaThread "pool-90-thread-1" [_thread_blocked, id=56252, stack(0x000000f291900000,0x000000f291a00000)]
  0x000002b9ee48bd00 JavaThread "pool-91-thread-1" [_thread_blocked, id=56256, stack(0x000000f291a00000,0x000000f291b00000)]
  0x000002b9a0a499a0 JavaThread "pool-91-thread-2" [_thread_blocked, id=56260, stack(0x000000f291b00000,0x000000f291c00000)]
  0x000002b9a0a48a70 JavaThread "pool-90-thread-2" [_thread_blocked, id=56264, stack(0x000000f291c00000,0x000000f291d00000)]
  0x000002b9e9f316a0 JavaThread "External Process Output Forwarder - C:\Users\hp\.cache\selenium\chromedriver\win64\131.0.6778.204\chromedriver.exe" daemon [_thread_in_native, id=56444, stack(0x000000f291d00000,0x000000f291e00000)]
  0x000002b9e9f325d0 JavaThread "Driver Service Executor" daemon [_thread_blocked, id=56448, stack(0x000000f291e00000,0x000000f291f00000)]
  0x000002b9e9f30c80 JavaThread "Driver Service Executor" daemon [_thread_blocked, id=56452, stack(0x000000f291f00000,0x000000f292000000)]
  0x000002b9a0a4a3c0 JavaThread "External Process Output Forwarder - C:\Users\hp\.cache\selenium\chromedriver\win64\131.0.6778.204\chromedriver.exe" daemon [_thread_in_native, id=56476, stack(0x000000f292000000,0x000000f292100000)]
  0x000002b9e7192650 JavaThread "Driver Service Executor" daemon [_thread_blocked, id=56480, stack(0x000000f292100000,0x000000f292200000)]
  0x000002b9e7193580 JavaThread "Driver Service Executor" daemon [_thread_blocked, id=56484, stack(0x000000f292200000,0x000000f292300000)]
  0x000002b9e9f31bb0 JavaThread "pool-88-thread-1" [_thread_blocked, id=56612, stack(0x000000f292300000,0x000000f292400000)]
  0x000002b9a0a4ade0 JavaThread "pool-88-thread-2" [_thread_blocked, id=56616, stack(0x000000f292400000,0x000000f292500000)]
  0x000002b9a0a49490 JavaThread "pool-88-thread-3" [_thread_blocked, id=56620, stack(0x000000f292500000,0x000000f292600000)]
  0x000002b9e6bd8060 JavaThread "External Process Output Forwarder - C:\Users\hp\.cache\selenium\chromedriver\win64\131.0.6778.204\chromedriver.exe" daemon [_thread_in_native, id=56824, stack(0x000000f292600000,0x000000f292700000)]
  0x000002b9e6bda8e0 JavaThread "Driver Service Executor" daemon [_thread_blocked, id=56828, stack(0x000000f292700000,0x000000f292800000)]
  0x000002b9e6bdadf0 JavaThread "Driver Service Executor" daemon [_thread_blocked, id=56832, stack(0x000000f292800000,0x000000f292900000)]
  0x000002b9e66d0920 JavaThread "External Process Output Forwarder - C:\Users\hp\.cache\selenium\chromedriver\win64\131.0.6778.204\chromedriver.exe" daemon [_thread_in_native, id=57200, stack(0x000000f292900000,0x000000f292a00000)]
  0x000002b9e66d2270 JavaThread "Driver Service Executor" daemon [_thread_blocked, id=57204, stack(0x000000f292a00000,0x000000f292b00000)]
  0x000002b9e66d2780 JavaThread "Driver Service Executor" daemon [_thread_blocked, id=57208, stack(0x000000f292b00000,0x000000f292c00000)]
  0x000002b9e6bd94a0 JavaThread "External Process Output Forwarder - C:\Users\hp\.cache\selenium\chromedriver\win64\131.0.6778.204\chromedriver.exe" daemon [_thread_in_native, id=57228, stack(0x000000f292c00000,0x000000f292d00000)]
  0x000002b9e6bd99b0 JavaThread "Driver Service Executor" daemon [_thread_blocked, id=57232, stack(0x000000f292d00000,0x000000f292e00000)]
  0x000002b9e6bdb810 JavaThread "Driver Service Executor" daemon [_thread_blocked, id=57236, stack(0x000000f292e00000,0x000000f292f00000)]
  0x000002b9e66d2c90 JavaThread "External Process Output Forwarder - C:\Users\hp\.cache\selenium\chromedriver\win64\131.0.6778.204\chromedriver.exe" daemon [_thread_in_native, id=56924, stack(0x000000f292f00000,0x000000f293000000)]
  0x000002b9e66cf4e0 JavaThread "Driver Service Executor" daemon [_thread_blocked, id=57348, stack(0x000000f293000000,0x000000f293100000)]
  0x000002b9e66d0e30 JavaThread "Driver Service Executor" daemon [_thread_blocked, id=57352, stack(0x000000f293100000,0x000000f293200000)]
  0x000002b9ee48c720 JavaThread "External Process Output Forwarder - C:\Users\hp\.cache\selenium\chromedriver\win64\131.0.6778.204\chromedriver.exe" daemon [_thread_in_native, id=57732, stack(0x000000f293200000,0x000000f293300000)]
  0x000002b9ee48cc30 JavaThread "Driver Service Executor" daemon [_thread_blocked, id=57736, stack(0x000000f293300000,0x000000f293400000)]
  0x000002b9ecc7a4a0 JavaThread "Driver Service Executor" daemon [_thread_blocked, id=57740, stack(0x000000f293400000,0x000000f293500000)]
  0x000002b9a0d38790 JavaThread "pool-85-thread-1" [_thread_blocked, id=58100, stack(0x000000f293500000,0x000000f293600000)]
  0x000002b9e64db130 JavaThread "External Process Output Forwarder - C:\Users\hp\.cache\selenium\chromedriver\win64\131.0.6778.204\chromedriver.exe" daemon [_thread_in_native, id=57440, stack(0x000000f293600000,0x000000f293700000)]
  0x000002b9e64db640 JavaThread "Driver Service Executor" daemon [_thread_blocked, id=57436, stack(0x000000f293700000,0x000000f293800000)]
  0x000002b9e64da710 JavaThread "Driver Service Executor" daemon [_thread_blocked, id=57296, stack(0x000000f293800000,0x000000f293900000)]
  0x000002b9e64d92d0 JavaThread "pool-89-thread-1" [_thread_blocked, id=24780, stack(0x000000f293900000,0x000000f293a00000)]
  0x000002b9e66d1340 JavaThread "pool-85-thread-2" [_thread_blocked, id=41840, stack(0x000000f293a00000,0x000000f293b00000)]
  0x000002b9eccb1600 JavaThread "External Process Output Forwarder - C:\Users\hp\.cache\selenium\chromedriver\win64\131.0.6778.204\chromedriver.exe" daemon [_thread_in_native, id=58404, stack(0x000000f293b00000,0x000000f293c00000)]
  0x000002b9e9b8e1e0 JavaThread "Driver Service Executor" daemon [_thread_blocked, id=58408, stack(0x000000f293c00000,0x000000f293d00000)]
  0x000002b9e9b8dcd0 JavaThread "Driver Service Executor" daemon [_thread_blocked, id=58412, stack(0x000000f293d00000,0x000000f293e00000)]
  0x000002b9e71944b0 JavaThread "External Process Output Forwarder - C:\Users\hp\.cache\selenium\chromedriver\win64\131.0.6778.204\chromedriver.exe" daemon [_thread_in_native, id=58456, stack(0x000000f293e00000,0x000000f293f00000)]
  0x000002b9e8a2b370 JavaThread "Driver Service Executor" daemon [_thread_blocked, id=58460, stack(0x000000f293f00000,0x000000f294000000)]
  0x000002b9e8a2ae60 JavaThread "Driver Service Executor" daemon [_thread_blocked, id=58464, stack(0x000000f294000000,0x000000f294100000)]
  0x000002b9e66cf9f0 JavaThread "pool-89-thread-2" [_thread_blocked, id=58708, stack(0x000000f294100000,0x000000f294200000)]
  0x000002b9a0a4a8d0 JavaThread "External Process Output Forwarder - C:\Users\hp\.cache\selenium\chromedriver\win64\131.0.6778.204\chromedriver.exe" daemon [_thread_in_native, id=59064, stack(0x000000f294200000,0x000000f294300000)]
  0x000002b9ecc7c810 JavaThread "Driver Service Executor" daemon [_thread_blocked, id=59080, stack(0x000000f294300000,0x000000f294400000)]
  0x000002b9ecc79570 JavaThread "Driver Service Executor" daemon [_thread_blocked, id=59084, stack(0x000000f294400000,0x000000f294500000)]
  0x000002b9e64dac20 JavaThread "pool-81-thread-1" [_thread_blocked, id=59088, stack(0x000000f294500000,0x000000f294600000)]
  0x000002b9e64dbb50 JavaThread "pool-84-thread-1" [_thread_blocked, id=59116, stack(0x000000f294600000,0x000000f294700000)]
  0x000002b9e66d0410 JavaThread "pool-83-thread-1" [_thread_blocked, id=59148, stack(0x000000f294700000,0x000000f294800000)]
  0x000002b9e64dc060 JavaThread "pool-87-thread-1" [_thread_blocked, id=59204, stack(0x000000f294800000,0x000000f294900000)]
  0x000002b9e9b8f110 JavaThread "pool-83-thread-2" [_thread_blocked, id=59208, stack(0x000000f294900000,0x000000f294a00000)]
  0x000002b9e64d97e0 JavaThread "pool-81-thread-2" [_thread_blocked, id=59212, stack(0x000000f294a00000,0x000000f294b00000)]
  0x000002b9ecc7a9b0 JavaThread "pool-86-thread-1" [_thread_blocked, id=59220, stack(0x000000f294b00000,0x000000f294c00000)]
  0x000002b9e9b8e6f0 JavaThread "External Process Output Forwarder - C:\Users\hp\.cache\selenium\chromedriver\win64\131.0.6778.204\chromedriver.exe" daemon [_thread_in_native, id=59224, stack(0x000000f294c00000,0x000000f294d00000)]
  0x000002b9e9b8f620 JavaThread "Driver Service Executor" daemon [_thread_blocked, id=59228, stack(0x000000f294d00000,0x000000f294e00000)]
  0x000002b9e9b8ec00 JavaThread "Driver Service Executor" daemon [_thread_blocked, id=59232, stack(0x000000f294e00000,0x000000f294f00000)]
  0x000002b9ed8b3fb0 JavaThread "pool-87-thread-2" [_thread_blocked, id=59284, stack(0x000000f294f00000,0x000000f295000000)]
  0x000002b9e6bd8f90 JavaThread "pool-84-thread-2" [_thread_blocked, id=59296, stack(0x000000f295000000,0x000000f295100000)]
  0x000002b9e6bd8570 JavaThread "pool-84-thread-3" [_thread_blocked, id=59300, stack(0x000000f295100000,0x000000f295200000)]
  0x000002b9a0d38280 JavaThread "External Process Output Forwarder - C:\Users\hp\.cache\selenium\chromedriver\win64\131.0.6778.204\chromedriver.exe" daemon [_thread_in_native, id=59308, stack(0x000000f295200000,0x000000f295300000)]
  0x000002b9a0d38ca0 JavaThread "Driver Service Executor" daemon [_thread_blocked, id=59312, stack(0x000000f295300000,0x000000f295400000)]
  0x000002b9ec0bfbd0 JavaThread "Driver Service Executor" daemon [_thread_blocked, id=59316, stack(0x000000f295400000,0x000000f295500000)]
  0x000002b9e64d9cf0 JavaThread "pool-81-thread-3" [_thread_blocked, id=55788, stack(0x000000f295500000,0x000000f295600000)]
  0x000002b9e66d1850 JavaThread "pool-82-thread-1" [_thread_blocked, id=57332, stack(0x000000f295600000,0x000000f295700000)]
  0x000002b9ed8b44c0 JavaThread "External Process Output Forwarder - C:\Users\hp\.cache\selenium\chromedriver\win64\131.0.6778.204\chromedriver.exe" daemon [_thread_in_native, id=59040, stack(0x000000f295700000,0x000000f295800000)]
  0x000002b9ed8b49d0 JavaThread "Driver Service Executor" daemon [_thread_blocked, id=56980, stack(0x000000f295800000,0x000000f295900000)]
  0x000002b9ed8b3aa0 JavaThread "Driver Service Executor" daemon [_thread_blocked, id=16912, stack(0x000000f295900000,0x000000f295a00000)]
  0x000002b9e7f59c90 JavaThread "External Process Output Forwarder - C:\Users\hp\.cache\selenium\chromedriver\win64\131.0.6778.204\chromedriver.exe" daemon [_thread_in_native, id=59276, stack(0x000000f295a00000,0x000000f295b00000)]
  0x000002b9e7f58340 JavaThread "Driver Service Executor" daemon [_thread_blocked, id=56880, stack(0x000000f295b00000,0x000000f295c00000)]
  0x000002b9e7f58850 JavaThread "Driver Service Executor" daemon [_thread_blocked, id=59396, stack(0x000000f295c00000,0x000000f295d00000)]
  0x000002b9e64da200 JavaThread "pool-82-thread-2" [_thread_blocked, id=59572, stack(0x000000f295d00000,0x000000f295e00000)]
  0x000002b9eac53420 JavaThread "pool-82-thread-3" [_thread_blocked, id=59576, stack(0x000000f295e00000,0x000000f295f00000)]
  0x000002b9ecc7bdf0 JavaThread "External Process Output Forwarder - C:\Users\hp\.cache\selenium\chromedriver\win64\131.0.6778.204\chromedriver.exe" daemon [_thread_in_native, id=59812, stack(0x000000f295f00000,0x000000f296000000)]
  0x000002b9ecc7c300 JavaThread "Driver Service Executor" daemon [_thread_blocked, id=59816, stack(0x000000f296000000,0x000000f296100000)]
  0x000002b9ecc79060 JavaThread "Driver Service Executor" daemon [_thread_blocked, id=59820, stack(0x000000f296100000,0x000000f296200000)]
  0x000002b9e66d1d60 JavaThread "External Process Output Forwarder - C:\Users\hp\.cache\selenium\chromedriver\win64\131.0.6778.204\chromedriver.exe" daemon [_thread_in_native, id=60108, stack(0x000000f296200000,0x000000f296300000)]
  0x000002b9e66cff00 JavaThread "Driver Service Executor" daemon [_thread_blocked, id=60112, stack(0x000000f296300000,0x000000f296400000)]
  0x000002b9ed7c2930 JavaThread "Driver Service Executor" daemon [_thread_blocked, id=60116, stack(0x000000f296400000,0x000000f296500000)]
  0x000002b9e8a2b880 JavaThread "External Process Output Forwarder - C:\Users\hp\.cache\selenium\chromedriver\win64\131.0.6778.204\chromedriver.exe" daemon [_thread_in_native, id=60132, stack(0x000000f296500000,0x000000f296600000)]
  0x000002b9e8a2bd90 JavaThread "Driver Service Executor" daemon [_thread_blocked, id=60136, stack(0x000000f296600000,0x000000f296700000)]
  0x000002b9e8a2c2a0 JavaThread "Driver Service Executor" daemon [_thread_blocked, id=60140, stack(0x000000f296700000,0x000000f296800000)]
  0x000002b9e8a2c7b0 JavaThread "External Process Output Forwarder - C:\Users\hp\.cache\selenium\chromedriver\win64\131.0.6778.204\chromedriver.exe" daemon [_thread_in_native, id=60176, stack(0x000000f296800000,0x000000f296900000)]
  0x000002b9e8b48e60 JavaThread "Driver Service Executor" daemon [_thread_blocked, id=60180, stack(0x000000f296900000,0x000000f296a00000)]
  0x000002b9e8b4a2a0 JavaThread "Driver Service Executor" daemon [_thread_blocked, id=60184, stack(0x000000f296a00000,0x000000f296b00000)]
  0x000002b9ecc7b8e0 JavaThread "pool-75-thread-1" [_thread_blocked, id=60376, stack(0x000000f296b00000,0x000000f296c00000)]
  0x000002b9e8b49d90 JavaThread "pool-75-thread-2" [_thread_blocked, id=59828, stack(0x000000f296c00000,0x000000f296d00000)]
  0x000002b9e8b49370 JavaThread "pool-86-thread-2" [_thread_blocked, id=59804, stack(0x000000f296d00000,0x000000f296e00000)]
  0x000002b9eac561b0 JavaThread "pool-86-thread-3" [_thread_blocked, id=59492, stack(0x000000f296e00000,0x000000f296f00000)]
  0x000002b9ed8b4ee0 JavaThread "External Process Output Forwarder - C:\Users\hp\.cache\selenium\chromedriver\win64\131.0.6778.204\chromedriver.exe" daemon [_thread_in_native, id=60476, stack(0x000000f296f00000,0x000000f297000000)]
  0x000002b9ed8b1730 JavaThread "Driver Service Executor" daemon [_thread_blocked, id=60480, stack(0x000000f297000000,0x000000f297100000)]
  0x000002b9ed8b1c40 JavaThread "Driver Service Executor" daemon [_thread_blocked, id=60484, stack(0x000000f297100000,0x000000f297200000)]
  0x000002b9e8b49880 JavaThread "External Process Output Forwarder - C:\Users\hp\.cache\selenium\chromedriver\win64\131.0.6778.204\chromedriver.exe" daemon [_thread_in_native, id=60500, stack(0x000000f297200000,0x000000f297300000)]
  0x000002b9e8b48950 JavaThread "Driver Service Executor" daemon [_thread_blocked, id=60504, stack(0x000000f297300000,0x000000f297400000)]
  0x000002b9e6d1ccb0 JavaThread "Driver Service Executor" daemon [_thread_blocked, id=60516, stack(0x000000f297400000,0x000000f297500000)]
  0x000002b9e6d1dbe0 JavaThread "External Process Output Forwarder - C:\Users\hp\.cache\selenium\chromedriver\win64\131.0.6778.204\chromedriver.exe" daemon [_thread_in_native, id=60532, stack(0x000000f297500000,0x000000f297600000)]
  0x000002b9e6d1a940 JavaThread "Driver Service Executor" daemon [_thread_blocked, id=60536, stack(0x000000f297600000,0x000000f297700000)]
  0x000002b9e6d1c290 JavaThread "Driver Service Executor" daemon [_thread_blocked, id=60540, stack(0x000000f297700000,0x000000f297800000)]
  0x000002b9e6bd9ec0 JavaThread "External Process Output Forwarder - C:\Users\hp\.cache\selenium\chromedriver\win64\131.0.6778.204\chromedriver.exe" daemon [_thread_in_native, id=60644, stack(0x000000f291800000,0x000000f291900000)]
  0x000002b9e6bda3d0 JavaThread "Driver Service Executor" daemon [_thread_blocked, id=60648, stack(0x000000f297800000,0x000000f297900000)]
  0x000002b9ec214120 JavaThread "Driver Service Executor" daemon [_thread_blocked, id=60652, stack(0x000000f297900000,0x000000f297a00000)]
  0x000002b9eac52f10 JavaThread "HttpClient-101-SelectorManager" daemon [_thread_in_native, id=61744, stack(0x000000f297b00000,0x000000f297c00000)]
  0x000002b9ecc79f90 JavaThread "External Process Output Forwarder - C:\Users\hp\.cache\selenium\chromedriver\win64\131.0.6778.204\chromedriver.exe" daemon [_thread_in_native, id=61748, stack(0x000000f297c00000,0x000000f297d00000)]
  0x000002b9ed8b2150 JavaThread "UrlChecker-18" daemon [_thread_blocked, id=61752, stack(0x000000f297d00000,0x000000f297e00000)]
  0x000002b9ecc79a80 JavaThread "Driver Service Executor" daemon [_thread_blocked, id=61756, stack(0x000000f297e00000,0x000000f297f00000)]
  0x000002b9ecc7b3d0 JavaThread "Driver Service Executor" daemon [_thread_blocked, id=61760, stack(0x000000f297f00000,0x000000f298000000)]
  0x000002b9ed7c2e40 JavaThread "pool-70-thread-1" [_thread_blocked, id=61768, stack(0x000000f298000000,0x000000f298100000)]
  0x000002b9ecc7aec0 JavaThread "pool-80-thread-1" [_thread_blocked, id=61772, stack(0x000000f298100000,0x000000f298200000)]
  0x000002b9eac53930 JavaThread "pool-78-thread-1" [_thread_blocked, id=61900, stack(0x000000f298200000,0x000000f298300000)]
  0x000002b9e8fddd70 JavaThread "pool-79-thread-1" [_thread_blocked, id=61908, stack(0x000000f298300000,0x000000f298400000)]
  0x000002b9ed7c1f10 JavaThread "pool-70-thread-2" [_thread_blocked, id=62012, stack(0x000000f298400000,0x000000f298500000)]
  0x000002b9ed7c3350 JavaThread "pool-70-thread-3" [_thread_blocked, id=62016, stack(0x000000f298500000,0x000000f298600000)]
  0x000002b9e6d1bd80 JavaThread "pool-79-thread-2" [_thread_blocked, id=62028, stack(0x000000f298600000,0x000000f298700000)]
  0x000002b9eac55790 JavaThread "pool-101-thread-1" [_thread_blocked, id=62052, stack(0x000000f298700000,0x000000f298800000)]
  0x000002b9e8fdafe0 JavaThread "pool-78-thread-2" [_thread_blocked, id=62056, stack(0x000000f298800000,0x000000f298900000)]
  0x000002b9ec2127d0 JavaThread "pool-79-thread-3" [_thread_blocked, id=62080, stack(0x000000f298900000,0x000000f298a00000)]
  0x000002b9e6d1c7a0 JavaThread "pool-101-thread-2" [_thread_blocked, id=62084, stack(0x000000f298a00000,0x000000f298b00000)]
  0x000002b9e6d1b870 JavaThread "pool-101-thread-3" [_thread_blocked, id=62088, stack(0x000000f298b00000,0x000000f298c00000)]
  0x000002b9ec214b40 JavaThread "pool-80-thread-2" [_thread_blocked, id=62232, stack(0x000000f298c00000,0x000000f298d00000)]
  0x000002b9ec212ce0 JavaThread "pool-80-thread-3" [_thread_blocked, id=62236, stack(0x000000f298d00000,0x000000f298e00000)]
  0x000002b9ed8b2660 JavaThread "pool-77-thread-1" [_thread_blocked, id=38224, stack(0x000000f298e00000,0x000000f298f00000)]
  0x000002b9e7f58d60 JavaThread "External Process Output Forwarder - C:\Users\hp\.cache\selenium\chromedriver\win64\131.0.6778.204\chromedriver.exe" daemon [_thread_in_native, id=17700, stack(0x000000f298f00000,0x000000f299000000)]
  0x000002b9e7f59270 JavaThread "Driver Service Executor" daemon [_thread_blocked, id=59480, stack(0x000000f299000000,0x000000f299100000)]
  0x000002b9e7f59780 JavaThread "Driver Service Executor" daemon [_thread_in_native, id=18004, stack(0x000000f299100000,0x000000f299200000)]
  0x000002b9e6d1d1c0 JavaThread "External Process Output Forwarder - C:\Users\hp\.cache\selenium\chromedriver\win64\131.0.6778.204\chromedriver.exe" daemon [_thread_in_native, id=23128, stack(0x000000f299200000,0x000000f299300000)]
  0x000002b9e6d1d6d0 JavaThread "Driver Service Executor" daemon [_thread_blocked, id=22868, stack(0x000000f299300000,0x000000f299400000)]
  0x000002b9e6d1ae50 JavaThread "Driver Service Executor" daemon [_thread_in_native, id=13028, stack(0x000000f299400000,0x000000f299500000)]
  0x000002b9eac55280 JavaThread "External Process Output Forwarder - C:\Users\hp\.cache\selenium\chromedriver\win64\131.0.6778.204\chromedriver.exe" daemon [_thread_in_native, id=17964, stack(0x000000f299500000,0x000000f299600000)]
  0x000002b9eac55ca0 JavaThread "Driver Service Executor" daemon [_thread_blocked, id=61736, stack(0x000000f299600000,0x000000f299700000)]
  0x000002b9eac566c0 JavaThread "Driver Service Executor" daemon [_thread_in_native, id=61728, stack(0x000000f299700000,0x000000f299800000)]
  0x000002b9eac54350 JavaThread "Driver Service Executor" daemon [_thread_blocked, id=63380, stack(0x000000f299b00000,0x000000f299c00000)]
  0x000002b9eac54d70 JavaThread "Driver Service Executor" daemon [_thread_blocked, id=63384, stack(0x000000f299c00000,0x000000f299d00000)]
  0x000002b9e8fdba00 JavaThread "External Process Output Forwarder - C:\Users\hp\.cache\selenium\chromedriver\win64\131.0.6778.204\chromedriver.exe" daemon [_thread_in_native, id=63420, stack(0x000000f299d00000,0x000000f299e00000)]
  0x000002b9e8fdb4f0 JavaThread "Driver Service Executor" daemon [_thread_blocked, id=63424, stack(0x000000f299e00000,0x000000f299f00000)]
  0x000002b9e8fdc420 JavaThread "Driver Service Executor" daemon [_thread_in_native, id=63428, stack(0x000000f299f00000,0x000000f29a000000)]
  0x000002b9ec2131f0 JavaThread "pool-68-thread-1" [_thread_blocked, id=63432, stack(0x000000f29a000000,0x000000f29a100000)]
  0x000002b9e6d1b360 JavaThread "pool-76-thread-1" [_thread_blocked, id=63436, stack(0x000000f29a100000,0x000000f29a200000)]
  0x000002b9e6cc8e30 JavaThread "External Process Output Forwarder - C:\Users\hp\.cache\selenium\chromedriver\win64\131.0.6778.204\chromedriver.exe" daemon [_thread_in_native, id=63460, stack(0x000000f29a200000,0x000000f29a300000)]
  0x000002b9e6cc9340 JavaThread "Driver Service Executor" daemon [_thread_blocked, id=63464, stack(0x000000f29a300000,0x000000f29a400000)]
  0x000002b9e6cc79f0 JavaThread "Driver Service Executor" daemon [_thread_in_native, id=63468, stack(0x000000f29a600000,0x000000f29a700000)]
  0x000002b9e8fdaad0 JavaThread "pool-77-thread-2" [_thread_blocked, id=63476, stack(0x000000f29a700000,0x000000f29a800000)]
  0x000002b9ed8b2b70 JavaThread "External Process Output Forwarder - C:\Users\hp\.cache\selenium\chromedriver\win64\131.0.6778.204\chromedriver.exe" daemon [_thread_in_native, id=60324, stack(0x000000f29a800000,0x000000f29a900000)]
  0x000002b9ed8b3080 JavaThread "Driver Service Executor" daemon [_thread_blocked, id=62444, stack(0x000000f29a900000,0x000000f29aa00000)]
  0x000002b9ed8b3590 JavaThread "Driver Service Executor" daemon [_thread_in_native, id=62400, stack(0x000000f29aa00000,0x000000f29ab00000)]
  0x000002b9ed7c3d70 JavaThread "pool-73-thread-1" [_thread_blocked, id=56976, stack(0x000000f29ab00000,0x000000f29ac00000)]
  0x000002b9ec215050 JavaThread "External Process Output Forwarder - C:\Users\hp\.cache\selenium\chromedriver\win64\131.0.6778.204\chromedriver.exe" daemon [_thread_in_native, id=18800, stack(0x000000f29ac00000,0x000000f29ad00000)]
  0x000002b9ebcda310 JavaThread "Driver Service Executor" daemon [_thread_blocked, id=18248, stack(0x000000f29ad00000,0x000000f29ae00000)]
  0x000002b9ebcdc170 JavaThread "Driver Service Executor" daemon [_thread_in_native, id=3104, stack(0x000000f29ae00000,0x000000f29af00000)]
  0x000002b9ebcdc680 JavaThread "UrlChecker-19" daemon [_thread_blocked, id=62060, stack(0x000000f29af00000,0x000000f29b000000)]
  0x000002b9ed7c4280 JavaThread "pool-72-thread-1" [_thread_blocked, id=23704, stack(0x000000f29b000000,0x000000f29b100000)]
  0x000002b9e6d1a430 JavaThread "pool-63-thread-1" [_thread_blocked, id=63752, stack(0x000000f29b100000,0x000000f29b200000)]
  0x000002b9ed7c4790 JavaThread "HttpClient-103-SelectorManager" daemon [_thread_in_native, id=63796, stack(0x000000f29b200000,0x000000f29b300000)]
  0x000002b9ed7c2420 JavaThread "pool-103-thread-1" [_thread_blocked, id=63800, stack(0x000000f29b300000,0x000000f29b400000)]
  0x000002b9ec4c8590 JavaThread "pool-72-thread-2" [_thread_blocked, id=63804, stack(0x000000f29b400000,0x000000f29b500000)]
  0x000002b9e88a4b00 JavaThread "pool-72-thread-3" [_thread_blocked, id=63808, stack(0x000000f29b500000,0x000000f29b600000)]
  0x000002b9ed7c4ca0 JavaThread "pool-68-thread-2" [_thread_blocked, id=63812, stack(0x000000f29b600000,0x000000f29b700000)]
  0x000002b9e650ef10 JavaThread "pool-76-thread-2" [_thread_blocked, id=63876, stack(0x000000f29b700000,0x000000f29b800000)]
  0x000002b9e88a40e0 JavaThread "pool-103-thread-2" [_thread_blocked, id=64024, stack(0x000000f29b800000,0x000000f29b900000)]
  0x000002b9e88a45f0 JavaThread "pool-63-thread-2" [_thread_blocked, id=64032, stack(0x000000f29b900000,0x000000f29ba00000)]
  0x000002b9e88a5010 JavaThread "pool-63-thread-3" [_thread_blocked, id=64036, stack(0x000000f29ba00000,0x000000f29bb00000)]
  0x000002b9e650f930 JavaThread "pool-73-thread-2" [_thread_blocked, id=64048, stack(0x000000f29bb00000,0x000000f29bc00000)]
  0x000002b9e6511280 JavaThread "pool-73-thread-3" [_thread_blocked, id=64052, stack(0x000000f29bc00000,0x000000f29bd00000)]
  0x000002b9e8fdbf10 JavaThread "pool-103-thread-3" [_thread_blocked, id=64056, stack(0x000000f29bd00000,0x000000f29be00000)]
  0x000002b9ed7c3860 JavaThread "pool-67-thread-1" [_thread_blocked, id=64400, stack(0x000000f29be00000,0x000000f29bf00000)]
  0x000002b9ed7c51b0 JavaThread "pool-71-thread-1" [_thread_blocked, id=64412, stack(0x000000f29bf00000,0x000000f29c000000)]
  0x000002b9ec202730 JavaThread "pool-66-thread-1" [_thread_blocked, id=53160, stack(0x000000f29c000000,0x000000f29c100000)]
  0x000002b9e650fe40 JavaThread "pool-65-thread-1" [_thread_blocked, id=63652, stack(0x000000f29c100000,0x000000f29c200000)]
  0x000002b9ed7c56c0 JavaThread "pool-69-thread-1" [_thread_blocked, id=25504, stack(0x000000f29c200000,0x000000f29c300000)]
  0x000002b9e8fdce40 JavaThread "pool-66-thread-2" [_thread_blocked, id=24836, stack(0x000000f29c300000,0x000000f29c400000)]
  0x000002b9e8fdc930 JavaThread "pool-66-thread-3" [_thread_blocked, id=33552, stack(0x000000f29c400000,0x000000f29c500000)]
  0x000002b9e6510350 JavaThread "pool-71-thread-2" [_thread_blocked, id=63944, stack(0x000000f29c500000,0x000000f29c600000)]
  0x000002b9ec213c10 JavaThread "pool-67-thread-2" [_thread_blocked, id=63832, stack(0x000000f29c600000,0x000000f29c700000)]
  0x000002b9e6cc9850 JavaThread "pool-64-thread-1" [_thread_blocked, id=63976, stack(0x000000f29c700000,0x000000f29c800000)]
  0x000002b9e6510860 JavaThread "pool-58-thread-1" [_thread_blocked, id=38196, stack(0x000000f29c800000,0x000000f29c900000)]
  0x000002b9e6c52210 JavaThread "pool-58-thread-2" [_thread_blocked, id=39384, stack(0x000000f29c900000,0x000000f29ca00000)]
  0x000002b9e6cc9d60 JavaThread "pool-59-thread-1" [_thread_blocked, id=18440, stack(0x000000f29ca00000,0x000000f29cb00000)]
  0x000002b9ec214630 JavaThread "pool-64-thread-2" [_thread_blocked, id=12856, stack(0x000000f29cb00000,0x000000f29cc00000)]
  0x000002b9e8fdd350 JavaThread "pool-74-thread-1" [_thread_blocked, id=22072, stack(0x000000f29cc00000,0x000000f29cd00000)]
  0x000002b9ec2054c0 JavaThread "pool-74-thread-2" [_thread_blocked, id=64564, stack(0x000000f29cd00000,0x000000f29ce00000)]
  0x000002b9e6cc3d30 JavaThread "pool-56-thread-1" [_thread_blocked, id=64624, stack(0x000000f29ce00000,0x000000f29cf00000)]
  0x000002b9e6c51d00 JavaThread "pool-61-thread-1" [_thread_blocked, id=64820, stack(0x000000f29cf00000,0x000000f29d000000)]
  0x000002b9ec215560 JavaThread "pool-62-thread-1" [_thread_blocked, id=64888, stack(0x000000f29d000000,0x000000f29d100000)]
  0x000002b9e8fdd860 JavaThread "pool-55-thread-1" [_thread_blocked, id=64984, stack(0x000000f29d100000,0x000000f29d200000)]
  0x000002b9e6510d70 JavaThread "pool-54-thread-1" [_thread_blocked, id=64996, stack(0x000000f29d200000,0x000000f29d300000)]
  0x000002b9e8fda5c0 JavaThread "pool-57-thread-1" [_thread_blocked, id=65120, stack(0x000000f29d300000,0x000000f29d400000)]
  0x000002b9ebcdcb90 JavaThread "pool-65-thread-2" [_thread_blocked, id=41012, stack(0x000000f297a00000,0x000000f297b00000)]
  0x000002b9e6c52720 JavaThread "pool-69-thread-2" [_thread_blocked, id=20276, stack(0x000000f29d400000,0x000000f29d500000)]
  0x000002b9ec215f80 JavaThread "pool-62-thread-2" [_thread_blocked, id=64876, stack(0x000000f29d500000,0x000000f29d600000)]
  0x000002b9e6c52c30 JavaThread "pool-69-thread-3" [_thread_blocked, id=54684, stack(0x000000f29d600000,0x000000f29d700000)]
  0x000002b9ebcdb240 JavaThread "pool-55-thread-2" [_thread_blocked, id=65196, stack(0x000000f29d700000,0x000000f29d800000)]
  0x000002b9ebcdd0a0 JavaThread "pool-55-thread-3" [_thread_blocked, id=65212, stack(0x000000f29d800000,0x000000f29d900000)]
  0x000002b9ec215a70 JavaThread "pool-61-thread-2" [_thread_blocked, id=65224, stack(0x000000f29d900000,0x000000f29da00000)]
  0x000002b9ec204fb0 JavaThread "pool-59-thread-2" [_thread_blocked, id=65216, stack(0x000000f29da00000,0x000000f29db00000)]
  0x000002b9ebcdbc60 JavaThread "pool-56-thread-2" [_thread_blocked, id=65220, stack(0x000000f29db00000,0x000000f29dc00000)]
  0x000002b9e88a2280 JavaThread "pool-57-thread-2" [_thread_blocked, id=65252, stack(0x000000f29dc00000,0x000000f29dd00000)]
  0x000002b9e6c54a90 JavaThread "pool-54-thread-2" [_thread_blocked, id=51216, stack(0x000000f29dd00000,0x000000f29de00000)]
  0x000002b9e6511790 JavaThread "pool-60-thread-1" [_thread_blocked, id=65744, stack(0x000000f29df00000,0x000000f29e000000)]
  0x000002b9e6c53140 JavaThread "pool-60-thread-2" [_thread_blocked, id=66252, stack(0x000000f29e000000,0x000000f29e100000)]
  0x000002b9e6c53650 JavaThread "pool-60-thread-3" [_thread_blocked, id=66256, stack(0x000000f29e100000,0x000000f29e200000)]
  0x000002b9e6511ca0 JavaThread "HttpClient-102-SelectorManager" daemon [_thread_in_native, id=69412, stack(0x000000f29de00000,0x000000f29df00000)]
  0x000002b9e65121b0 JavaThread "pool-102-thread-1" [_thread_blocked, id=69416, stack(0x000000f29e200000,0x000000f29e300000)]
  0x000002b9ec2059d0 JavaThread "pool-102-thread-2" [_thread_blocked, id=69504, stack(0x000000f29e300000,0x000000f29e400000)]
=>0x000002b9e9a3d640 JavaThread "C2 CompilerThread1" daemon [_thread_in_native, id=73972, stack(0x000000f299a00000,0x000000f299b00000)]

Other Threads:
  0x000002b9fde0a330 VMThread "VM Thread" [stack: 0x000000f2ea800000,0x000000f2ea900000] [id=40216]
  0x000002b9f9330650 WatcherThread [stack: 0x000000f2eb500000,0x000000f2eb600000] [id=40864]
  0x000002b9f93a65c0 GCTaskThread "GC Thread#0" [stack: 0x000000f2ea300000,0x000000f2ea400000] [id=31200]
  0x000002b9e6d91e20 GCTaskThread "GC Thread#1" [stack: 0x000000f2eb800000,0x000000f2eb900000] [id=37168]
  0x000002b9e6d920e0 GCTaskThread "GC Thread#2" [stack: 0x000000f2eb900000,0x000000f2eba00000] [id=16876]
  0x000002b9e6d927b0 GCTaskThread "GC Thread#3" [stack: 0x000000f2eba00000,0x000000f2ebb00000] [id=36080]
  0x000002b9e6d92a70 GCTaskThread "GC Thread#4" [stack: 0x000000f2ebb00000,0x000000f2ebc00000] [id=40208]
  0x000002b9e65e0930 GCTaskThread "GC Thread#5" [stack: 0x000000f2ebc00000,0x000000f2ebd00000] [id=16896]
  0x000002b9e65e0bf0 GCTaskThread "GC Thread#6" [stack: 0x000000f2ebd00000,0x000000f2ebe00000] [id=39988]
  0x000002b9e6dfdb10 GCTaskThread "GC Thread#7" [stack: 0x000000f2ec800000,0x000000f2ec900000] [id=40592]
  0x000002b9f93b1390 ConcurrentGCThread "G1 Main Marker" [stack: 0x000000f2ea400000,0x000000f2ea500000] [id=8888]
  0x000002b9f93b1db0 ConcurrentGCThread "G1 Conc#0" [stack: 0x000000f2ea500000,0x000000f2ea600000] [id=39552]
  0x000002b9e882c510 ConcurrentGCThread "G1 Conc#1" [stack: 0x000000f2f3000000,0x000000f2f3100000] [id=26556]
  0x000002b9f93ce540 ConcurrentGCThread "G1 Refine#0" [stack: 0x000000f2ea600000,0x000000f2ea700000] [id=24752]
  0x000002b9e737ccc0 ConcurrentGCThread "G1 Refine#1" [stack: 0x000000f2ec900000,0x000000f2eca00000] [id=40848]
  0x000002b9e81db540 ConcurrentGCThread "G1 Refine#2" [stack: 0x000000f2eca00000,0x000000f2ecb00000] [id=31760]
  0x000002b9fdcc6220 ConcurrentGCThread "G1 Service" [stack: 0x000000f2ea700000,0x000000f2ea800000] [id=20572]

Threads with active compile tasks:
C2 CompilerThread1    48975 8108       4       java.net.URLStreamHandler::parseURL (1201 bytes)

VM state: not at safepoint (normal execution)

VM Mutex/Monitor currently owned by a thread: None

Heap address: 0x00000006c3000000, size: 5072 MB, Compressed Oops mode: Zero based, Oop shift amount: 3

CDS archive(s) mapped at: [0x000002b9a1000000-0x000002b9a1bb0000-0x000002b9a1bb0000), size 12255232, SharedBaseAddress: 0x000002b9a1000000, ArchiveRelocationMode: 1.
Compressed class space mapped at: 0x000002b9a2000000-0x000002b9e2000000, reserved size: 1073741824
Narrow klass base: 0x000002b9a1000000, Narrow klass shift: 0, Narrow klass range: 0x100000000

GC Precious Log:
 CPUs: 8 total, 8 available
 Memory: 20279M
 Large Page Support: Disabled
 NUMA Support: Disabled
 Compressed Oops: Enabled (Zero based)
 Heap Region Size: 4M
 Heap Min Capacity: 8M
 Heap Initial Capacity: 320M
 Heap Max Capacity: 5072M
 Pre-touch: Disabled
 Parallel Workers: 8
 Concurrent Workers: 2
 Concurrent Refinement Workers: 8
 Periodic GC: Disabled

Heap:
 garbage-first heap   total 1421312K, used 625903K [0x00000006c3000000, 0x0000000800000000)
  region size 4096K, 100 young (409600K), 1 survivors (4096K)
 Metaspace       used 31163K, committed 31744K, reserved 1114112K
  class space    used 5302K, committed 5568K, reserved 1048576K

Heap Regions: E=young(eden), S=young(survivor), O=old, HS=humongous(starts), HC=humongous(continues), CS=collection set, F=free, OA=open archive, CA=closed archive, TAMS=top-at-mark-start (previous, next)
|   0|0x00000006c3000000, 0x00000006c3400000, 0x00000006c3400000|100%| O|  |TAMS 0x00000006c3400000, 0x00000006c3000000| Untracked 
|   1|0x00000006c3400000, 0x00000006c3800000, 0x00000006c3800000|100%| O|  |TAMS 0x00000006c3800000, 0x00000006c3400000| Untracked 
|   2|0x00000006c3800000, 0x00000006c3c00000, 0x00000006c3c00000|100%| O|  |TAMS 0x00000006c3c00000, 0x00000006c3800000| Untracked 
|   3|0x00000006c3c00000, 0x00000006c4000000, 0x00000006c4000000|100%| O|  |TAMS 0x00000006c4000000, 0x00000006c3c00000| Untracked 
|   4|0x00000006c4000000, 0x00000006c4400000, 0x00000006c4400000|100%| O|  |TAMS 0x00000006c4400000, 0x00000006c4000000| Untracked 
|   5|0x00000006c4400000, 0x00000006c4800000, 0x00000006c4800000|100%| O|  |TAMS 0x00000006c4800000, 0x00000006c4400000| Untracked 
|   6|0x00000006c4800000, 0x00000006c4c00000, 0x00000006c4c00000|100%| O|  |TAMS 0x00000006c4c00000, 0x00000006c4800000| Untracked 
|   7|0x00000006c4c00000, 0x00000006c5000000, 0x00000006c5000000|100%| O|  |TAMS 0x00000006c5000000, 0x00000006c4c00000| Untracked 
|   8|0x00000006c5000000, 0x00000006c5400000, 0x00000006c5400000|100%| O|  |TAMS 0x00000006c5400000, 0x00000006c5000000| Untracked 
|   9|0x00000006c5400000, 0x00000006c5800000, 0x00000006c5800000|100%| O|  |TAMS 0x00000006c5800000, 0x00000006c5400000| Untracked 
|  10|0x00000006c5800000, 0x00000006c5c00000, 0x00000006c5c00000|100%| O|  |TAMS 0x00000006c5c00000, 0x00000006c5800000| Untracked 
|  11|0x00000006c5c00000, 0x00000006c6000000, 0x00000006c6000000|100%| O|  |TAMS 0x00000006c6000000, 0x00000006c5c00000| Untracked 
|  12|0x00000006c6000000, 0x00000006c6400000, 0x00000006c6400000|100%| O|  |TAMS 0x00000006c6400000, 0x00000006c6000000| Untracked 
|  13|0x00000006c6400000, 0x00000006c6400000, 0x00000006c6800000|  0%| F|  |TAMS 0x00000006c6400000, 0x00000006c6400000| Untracked 
|  14|0x00000006c6800000, 0x00000006c6c00000, 0x00000006c6c00000|100%| O|  |TAMS 0x00000006c6c00000, 0x00000006c6800000| Untracked 
|  15|0x00000006c6c00000, 0x00000006c7000000, 0x00000006c7000000|100%| O|  |TAMS 0x00000006c7000000, 0x00000006c6c00000| Untracked 
|  16|0x00000006c7000000, 0x00000006c7000000, 0x00000006c7400000|  0%| F|  |TAMS 0x00000006c7000000, 0x00000006c7000000| Untracked 
|  17|0x00000006c7400000, 0x00000006c7800000, 0x00000006c7800000|100%| O|  |TAMS 0x00000006c7400000, 0x00000006c7400000| Untracked 
|  18|0x00000006c7800000, 0x00000006c7c00000, 0x00000006c7c00000|100%| O|  |TAMS 0x00000006c7c00000, 0x00000006c7800000| Untracked 
|  19|0x00000006c7c00000, 0x00000006c8000000, 0x00000006c8000000|100%| O|  |TAMS 0x00000006c8000000, 0x00000006c7c00000| Untracked 
|  20|0x00000006c8000000, 0x00000006c8400000, 0x00000006c8400000|100%| O|  |TAMS 0x00000006c8400000, 0x00000006c8000000| Untracked 
|  21|0x00000006c8400000, 0x00000006c8800000, 0x00000006c8800000|100%| O|  |TAMS 0x00000006c8800000, 0x00000006c8400000| Untracked 
|  22|0x00000006c8800000, 0x00000006c8c00000, 0x00000006c8c00000|100%| O|  |TAMS 0x00000006c8c00000, 0x00000006c8800000| Untracked 
|  23|0x00000006c8c00000, 0x00000006c9000000, 0x00000006c9000000|100%| O|  |TAMS 0x00000006c9000000, 0x00000006c8c00000| Untracked 
|  24|0x00000006c9000000, 0x00000006c9400000, 0x00000006c9400000|100%| O|  |TAMS 0x00000006c9400000, 0x00000006c9000000| Untracked 
|  25|0x00000006c9400000, 0x00000006c9800000, 0x00000006c9800000|100%| O|  |TAMS 0x00000006c9800000, 0x00000006c9400000| Untracked 
|  26|0x00000006c9800000, 0x00000006c9c00000, 0x00000006c9c00000|100%| O|  |TAMS 0x00000006c9c00000, 0x00000006c9800000| Untracked 
|  27|0x00000006c9c00000, 0x00000006ca000000, 0x00000006ca000000|100%| O|  |TAMS 0x00000006ca000000, 0x00000006c9c00000| Untracked 
|  28|0x00000006ca000000, 0x00000006ca400000, 0x00000006ca400000|100%| O|  |TAMS 0x00000006ca400000, 0x00000006ca000000| Untracked 
|  29|0x00000006ca400000, 0x00000006ca800000, 0x00000006ca800000|100%| O|  |TAMS 0x00000006ca800000, 0x00000006ca400000| Untracked 
|  30|0x00000006ca800000, 0x00000006cac00000, 0x00000006cac00000|100%| O|  |TAMS 0x00000006cac00000, 0x00000006ca800000| Untracked 
|  31|0x00000006cac00000, 0x00000006cb000000, 0x00000006cb000000|100%| O|  |TAMS 0x00000006cb000000, 0x00000006cac00000| Untracked 
|  32|0x00000006cb000000, 0x00000006cb400000, 0x00000006cb400000|100%| O|  |TAMS 0x00000006cb400000, 0x00000006cb000000| Untracked 
|  33|0x00000006cb400000, 0x00000006cb800000, 0x00000006cb800000|100%| O|  |TAMS 0x00000006cb800000, 0x00000006cb400000| Untracked 
|  34|0x00000006cb800000, 0x00000006cbc00000, 0x00000006cbc00000|100%| O|  |TAMS 0x00000006cbc00000, 0x00000006cb800000| Untracked 
|  35|0x00000006cbc00000, 0x00000006cc000000, 0x00000006cc000000|100%| O|  |TAMS 0x00000006cc000000, 0x00000006cbc00000| Untracked 
|  36|0x00000006cc000000, 0x00000006cc400000, 0x00000006cc400000|100%| O|  |TAMS 0x00000006cc400000, 0x00000006cc000000| Untracked 
|  37|0x00000006cc400000, 0x00000006cc800000, 0x00000006cc800000|100%| O|  |TAMS 0x00000006cc800000, 0x00000006cc400000| Untracked 
|  38|0x00000006cc800000, 0x00000006ccc00000, 0x00000006ccc00000|100%| O|  |TAMS 0x00000006ccc00000, 0x00000006cc800000| Untracked 
|  39|0x00000006ccc00000, 0x00000006cd000000, 0x00000006cd000000|100%| O|  |TAMS 0x00000006cd000000, 0x00000006ccc00000| Untracked 
|  40|0x00000006cd000000, 0x00000006cd400000, 0x00000006cd400000|100%| O|  |TAMS 0x00000006cd400000, 0x00000006cd000000| Untracked 
|  41|0x00000006cd400000, 0x00000006cd800000, 0x00000006cd800000|100%| O|  |TAMS 0x00000006cd800000, 0x00000006cd400000| Untracked 
|  42|0x00000006cd800000, 0x00000006cd800000, 0x00000006cdc00000|  0%| F|  |TAMS 0x00000006cd800000, 0x00000006cd800000| Untracked 
|  43|0x00000006cdc00000, 0x00000006cdc00000, 0x00000006ce000000|  0%| F|  |TAMS 0x00000006cdc00000, 0x00000006cdc00000| Untracked 
|  44|0x00000006ce000000, 0x00000006ce400000, 0x00000006ce400000|100%| O|  |TAMS 0x00000006ce400000, 0x00000006ce000000| Untracked 
|  45|0x00000006ce400000, 0x00000006ce800000, 0x00000006ce800000|100%| O|  |TAMS 0x00000006ce800000, 0x00000006ce400000| Untracked 
|  46|0x00000006ce800000, 0x00000006cec00000, 0x00000006cec00000|100%| O|  |TAMS 0x00000006cec00000, 0x00000006ce800000| Untracked 
|  47|0x00000006cec00000, 0x00000006cf000000, 0x00000006cf000000|100%| O|  |TAMS 0x00000006cf000000, 0x00000006cec00000| Untracked 
|  48|0x00000006cf000000, 0x00000006cf400000, 0x00000006cf400000|100%| O|  |TAMS 0x00000006cf05de00, 0x00000006cf000000| Untracked 
|  49|0x00000006cf400000, 0x00000006cf800000, 0x00000006cf800000|100%| O|  |TAMS 0x00000006cf400000, 0x00000006cf400000| Untracked 
|  50|0x00000006cf800000, 0x00000006cfc00000, 0x00000006cfc00000|100%| O|  |TAMS 0x00000006cf800000, 0x00000006cf800000| Untracked 
|  51|0x00000006cfc00000, 0x00000006d0000000, 0x00000006d0000000|100%| O|  |TAMS 0x00000006cfc00000, 0x00000006cfc00000| Untracked 
|  52|0x00000006d0000000, 0x00000006d0400000, 0x00000006d0400000|100%| O|  |TAMS 0x00000006d0000000, 0x00000006d0000000| Untracked 
|  53|0x00000006d0400000, 0x00000006d0800000, 0x00000006d0800000|100%| O|  |TAMS 0x00000006d0400000, 0x00000006d0400000| Untracked 
|  54|0x00000006d0800000, 0x00000006d0c00000, 0x00000006d0c00000|100%| O|  |TAMS 0x00000006d0800000, 0x00000006d0800000| Untracked 
|  55|0x00000006d0c00000, 0x00000006d1000000, 0x00000006d1000000|100%| O|  |TAMS 0x00000006d0c00000, 0x00000006d0c00000| Untracked 
|  56|0x00000006d1000000, 0x00000006d1400000, 0x00000006d1400000|100%| O|  |TAMS 0x00000006d1000000, 0x00000006d1000000| Untracked 
|  57|0x00000006d1400000, 0x00000006d1800000, 0x00000006d1800000|100%| O|  |TAMS 0x00000006d1400000, 0x00000006d1400000| Untracked 
|  58|0x00000006d1800000, 0x00000006d1b3be00, 0x00000006d1c00000| 80%| O|  |TAMS 0x00000006d1800000, 0x00000006d1800000| Untracked 
|  59|0x00000006d1c00000, 0x00000006d1c00000, 0x00000006d2000000|  0%| F|  |TAMS 0x00000006d1c00000, 0x00000006d1c00000| Untracked 
|  60|0x00000006d2000000, 0x00000006d2000000, 0x00000006d2400000|  0%| F|  |TAMS 0x00000006d2000000, 0x00000006d2000000| Untracked 
|  61|0x00000006d2400000, 0x00000006d2400000, 0x00000006d2800000|  0%| F|  |TAMS 0x00000006d2400000, 0x00000006d2400000| Untracked 
|  62|0x00000006d2800000, 0x00000006d2800000, 0x00000006d2c00000|  0%| F|  |TAMS 0x00000006d2800000, 0x00000006d2800000| Untracked 
|  63|0x00000006d2c00000, 0x00000006d2c00000, 0x00000006d3000000|  0%| F|  |TAMS 0x00000006d2c00000, 0x00000006d2c00000| Untracked 
|  64|0x00000006d3000000, 0x00000006d3000000, 0x00000006d3400000|  0%| F|  |TAMS 0x00000006d3000000, 0x00000006d3000000| Untracked 
|  65|0x00000006d3400000, 0x00000006d3400000, 0x00000006d3800000|  0%| F|  |TAMS 0x00000006d3400000, 0x00000006d3400000| Untracked 
|  66|0x00000006d3800000, 0x00000006d3800000, 0x00000006d3c00000|  0%| F|  |TAMS 0x00000006d3800000, 0x00000006d3800000| Untracked 
|  67|0x00000006d3c00000, 0x00000006d3c00000, 0x00000006d4000000|  0%| F|  |TAMS 0x00000006d3c00000, 0x00000006d3c00000| Untracked 
|  68|0x00000006d4000000, 0x00000006d4000000, 0x00000006d4400000|  0%| F|  |TAMS 0x00000006d4000000, 0x00000006d4000000| Untracked 
|  69|0x00000006d4400000, 0x00000006d4400000, 0x00000006d4800000|  0%| F|  |TAMS 0x00000006d4400000, 0x00000006d4400000| Untracked 
|  70|0x00000006d4800000, 0x00000006d4800000, 0x00000006d4c00000|  0%| F|  |TAMS 0x00000006d4800000, 0x00000006d4800000| Untracked 
|  71|0x00000006d4c00000, 0x00000006d4c00000, 0x00000006d5000000|  0%| F|  |TAMS 0x00000006d4c00000, 0x00000006d4c00000| Untracked 
|  72|0x00000006d5000000, 0x00000006d5000000, 0x00000006d5400000|  0%| F|  |TAMS 0x00000006d5000000, 0x00000006d5000000| Untracked 
|  73|0x00000006d5400000, 0x00000006d5400000, 0x00000006d5800000|  0%| F|  |TAMS 0x00000006d5400000, 0x00000006d5400000| Untracked 
|  74|0x00000006d5800000, 0x00000006d5800000, 0x00000006d5c00000|  0%| F|  |TAMS 0x00000006d5800000, 0x00000006d5800000| Untracked 
|  75|0x00000006d5c00000, 0x00000006d5c00000, 0x00000006d6000000|  0%| F|  |TAMS 0x00000006d5c00000, 0x00000006d5c00000| Untracked 
|  76|0x00000006d6000000, 0x00000006d6000000, 0x00000006d6400000|  0%| F|  |TAMS 0x00000006d6000000, 0x00000006d6000000| Untracked 
|  77|0x00000006d6400000, 0x00000006d6400000, 0x00000006d6800000|  0%| F|  |TAMS 0x00000006d6400000, 0x00000006d6400000| Untracked 
|  78|0x00000006d6800000, 0x00000006d6800000, 0x00000006d6c00000|  0%| F|  |TAMS 0x00000006d6800000, 0x00000006d6800000| Untracked 
|  79|0x00000006d6c00000, 0x00000006d6c00000, 0x00000006d7000000|  0%| F|  |TAMS 0x00000006d6c00000, 0x00000006d6c00000| Untracked 
|  80|0x00000006d7000000, 0x00000006d7000000, 0x00000006d7400000|  0%| F|  |TAMS 0x00000006d7000000, 0x00000006d7000000| Untracked 
|  81|0x00000006d7400000, 0x00000006d7400000, 0x00000006d7800000|  0%| F|  |TAMS 0x00000006d7400000, 0x00000006d7400000| Untracked 
|  82|0x00000006d7800000, 0x00000006d7800000, 0x00000006d7c00000|  0%| F|  |TAMS 0x00000006d7800000, 0x00000006d7800000| Untracked 
|  83|0x00000006d7c00000, 0x00000006d7c00000, 0x00000006d8000000|  0%| F|  |TAMS 0x00000006d7c00000, 0x00000006d7c00000| Untracked 
|  84|0x00000006d8000000, 0x00000006d8000000, 0x00000006d8400000|  0%| F|  |TAMS 0x00000006d8000000, 0x00000006d8000000| Untracked 
|  85|0x00000006d8400000, 0x00000006d8400000, 0x00000006d8800000|  0%| F|  |TAMS 0x00000006d8400000, 0x00000006d8400000| Untracked 
|  86|0x00000006d8800000, 0x00000006d8800000, 0x00000006d8c00000|  0%| F|  |TAMS 0x00000006d8800000, 0x00000006d8800000| Untracked 
|  87|0x00000006d8c00000, 0x00000006d8c00000, 0x00000006d9000000|  0%| F|  |TAMS 0x00000006d8c00000, 0x00000006d8c00000| Untracked 
|  88|0x00000006d9000000, 0x00000006d9000000, 0x00000006d9400000|  0%| F|  |TAMS 0x00000006d9000000, 0x00000006d9000000| Untracked 
|  89|0x00000006d9400000, 0x00000006d9400000, 0x00000006d9800000|  0%| F|  |TAMS 0x00000006d9400000, 0x00000006d9400000| Untracked 
|  90|0x00000006d9800000, 0x00000006d9800000, 0x00000006d9c00000|  0%| F|  |TAMS 0x00000006d9800000, 0x00000006d9800000| Untracked 
|  91|0x00000006d9c00000, 0x00000006d9c00000, 0x00000006da000000|  0%| F|  |TAMS 0x00000006d9c00000, 0x00000006d9c00000| Untracked 
|  92|0x00000006da000000, 0x00000006da000000, 0x00000006da400000|  0%| F|  |TAMS 0x00000006da000000, 0x00000006da000000| Untracked 
|  93|0x00000006da400000, 0x00000006da400000, 0x00000006da800000|  0%| F|  |TAMS 0x00000006da400000, 0x00000006da400000| Untracked 
|  94|0x00000006da800000, 0x00000006da800000, 0x00000006dac00000|  0%| F|  |TAMS 0x00000006da800000, 0x00000006da800000| Untracked 
|  95|0x00000006dac00000, 0x00000006dac00000, 0x00000006db000000|  0%| F|  |TAMS 0x00000006dac00000, 0x00000006dac00000| Untracked 
|  96|0x00000006db000000, 0x00000006db000000, 0x00000006db400000|  0%| F|  |TAMS 0x00000006db000000, 0x00000006db000000| Untracked 
|  97|0x00000006db400000, 0x00000006db400000, 0x00000006db800000|  0%| F|  |TAMS 0x00000006db400000, 0x00000006db400000| Untracked 
|  98|0x00000006db800000, 0x00000006db800000, 0x00000006dbc00000|  0%| F|  |TAMS 0x00000006db800000, 0x00000006db800000| Untracked 
|  99|0x00000006dbc00000, 0x00000006dbc00000, 0x00000006dc000000|  0%| F|  |TAMS 0x00000006dbc00000, 0x00000006dbc00000| Untracked 
| 100|0x00000006dc000000, 0x00000006dc000000, 0x00000006dc400000|  0%| F|  |TAMS 0x00000006dc000000, 0x00000006dc000000| Untracked 
| 101|0x00000006dc400000, 0x00000006dc400000, 0x00000006dc800000|  0%| F|  |TAMS 0x00000006dc400000, 0x00000006dc400000| Untracked 
| 102|0x00000006dc800000, 0x00000006dc800000, 0x00000006dcc00000|  0%| F|  |TAMS 0x00000006dc800000, 0x00000006dc800000| Untracked 
| 103|0x00000006dcc00000, 0x00000006dcc00000, 0x00000006dd000000|  0%| F|  |TAMS 0x00000006dcc00000, 0x00000006dcc00000| Untracked 
| 104|0x00000006dd000000, 0x00000006dd000000, 0x00000006dd400000|  0%| F|  |TAMS 0x00000006dd000000, 0x00000006dd000000| Untracked 
| 105|0x00000006dd400000, 0x00000006dd400000, 0x00000006dd800000|  0%| F|  |TAMS 0x00000006dd400000, 0x00000006dd400000| Untracked 
| 106|0x00000006dd800000, 0x00000006dd800000, 0x00000006ddc00000|  0%| F|  |TAMS 0x00000006dd800000, 0x00000006dd800000| Untracked 
| 107|0x00000006ddc00000, 0x00000006ddc00000, 0x00000006de000000|  0%| F|  |TAMS 0x00000006ddc00000, 0x00000006ddc00000| Untracked 
| 108|0x00000006de000000, 0x00000006de000000, 0x00000006de400000|  0%| F|  |TAMS 0x00000006de000000, 0x00000006de000000| Untracked 
| 109|0x00000006de400000, 0x00000006de400000, 0x00000006de800000|  0%| F|  |TAMS 0x00000006de400000, 0x00000006de400000| Untracked 
| 110|0x00000006de800000, 0x00000006de800000, 0x00000006dec00000|  0%| F|  |TAMS 0x00000006de800000, 0x00000006de800000| Untracked 
| 111|0x00000006dec00000, 0x00000006dec00000, 0x00000006df000000|  0%| F|  |TAMS 0x00000006dec00000, 0x00000006dec00000| Untracked 
| 112|0x00000006df000000, 0x00000006df000000, 0x00000006df400000|  0%| F|  |TAMS 0x00000006df000000, 0x00000006df000000| Untracked 
| 113|0x00000006df400000, 0x00000006df400000, 0x00000006df800000|  0%| F|  |TAMS 0x00000006df400000, 0x00000006df400000| Untracked 
| 114|0x00000006df800000, 0x00000006df800000, 0x00000006dfc00000|  0%| F|  |TAMS 0x00000006df800000, 0x00000006df800000| Untracked 
| 115|0x00000006dfc00000, 0x00000006dfc00000, 0x00000006e0000000|  0%| F|  |TAMS 0x00000006dfc00000, 0x00000006dfc00000| Untracked 
| 116|0x00000006e0000000, 0x00000006e0000000, 0x00000006e0400000|  0%| F|  |TAMS 0x00000006e0000000, 0x00000006e0000000| Untracked 
| 117|0x00000006e0400000, 0x00000006e0400000, 0x00000006e0800000|  0%| F|  |TAMS 0x00000006e0400000, 0x00000006e0400000| Untracked 
| 118|0x00000006e0800000, 0x00000006e0800000, 0x00000006e0c00000|  0%| F|  |TAMS 0x00000006e0800000, 0x00000006e0800000| Untracked 
| 119|0x00000006e0c00000, 0x00000006e0c00000, 0x00000006e1000000|  0%| F|  |TAMS 0x00000006e0c00000, 0x00000006e0c00000| Untracked 
| 120|0x00000006e1000000, 0x00000006e1000000, 0x00000006e1400000|  0%| F|  |TAMS 0x00000006e1000000, 0x00000006e1000000| Untracked 
| 121|0x00000006e1400000, 0x00000006e1400000, 0x00000006e1800000|  0%| F|  |TAMS 0x00000006e1400000, 0x00000006e1400000| Untracked 
| 122|0x00000006e1800000, 0x00000006e1800000, 0x00000006e1c00000|  0%| F|  |TAMS 0x00000006e1800000, 0x00000006e1800000| Untracked 
| 123|0x00000006e1c00000, 0x00000006e1c00000, 0x00000006e2000000|  0%| F|  |TAMS 0x00000006e1c00000, 0x00000006e1c00000| Untracked 
| 124|0x00000006e2000000, 0x00000006e2000000, 0x00000006e2400000|  0%| F|  |TAMS 0x00000006e2000000, 0x00000006e2000000| Untracked 
| 125|0x00000006e2400000, 0x00000006e2400000, 0x00000006e2800000|  0%| F|  |TAMS 0x00000006e2400000, 0x00000006e2400000| Untracked 
| 126|0x00000006e2800000, 0x00000006e2800000, 0x00000006e2c00000|  0%| F|  |TAMS 0x00000006e2800000, 0x00000006e2800000| Untracked 
| 127|0x00000006e2c00000, 0x00000006e2c00000, 0x00000006e3000000|  0%| F|  |TAMS 0x00000006e2c00000, 0x00000006e2c00000| Untracked 
| 128|0x00000006e3000000, 0x00000006e3000000, 0x00000006e3400000|  0%| F|  |TAMS 0x00000006e3000000, 0x00000006e3000000| Untracked 
| 129|0x00000006e3400000, 0x00000006e3400000, 0x00000006e3800000|  0%| F|  |TAMS 0x00000006e3400000, 0x00000006e3400000| Untracked 
| 130|0x00000006e3800000, 0x00000006e3800000, 0x00000006e3c00000|  0%| F|  |TAMS 0x00000006e3800000, 0x00000006e3800000| Untracked 
| 131|0x00000006e3c00000, 0x00000006e3c00000, 0x00000006e4000000|  0%| F|  |TAMS 0x00000006e3c00000, 0x00000006e3c00000| Untracked 
| 132|0x00000006e4000000, 0x00000006e4000000, 0x00000006e4400000|  0%| F|  |TAMS 0x00000006e4000000, 0x00000006e4000000| Untracked 
| 133|0x00000006e4400000, 0x00000006e4400000, 0x00000006e4800000|  0%| F|  |TAMS 0x00000006e4400000, 0x00000006e4400000| Untracked 
| 134|0x00000006e4800000, 0x00000006e4800000, 0x00000006e4c00000|  0%| F|  |TAMS 0x00000006e4800000, 0x00000006e4800000| Untracked 
| 135|0x00000006e4c00000, 0x00000006e4c00000, 0x00000006e5000000|  0%| F|  |TAMS 0x00000006e4c00000, 0x00000006e4c00000| Untracked 
| 136|0x00000006e5000000, 0x00000006e5000000, 0x00000006e5400000|  0%| F|  |TAMS 0x00000006e5000000, 0x00000006e5000000| Untracked 
| 137|0x00000006e5400000, 0x00000006e5400000, 0x00000006e5800000|  0%| F|  |TAMS 0x00000006e5400000, 0x00000006e5400000| Untracked 
| 138|0x00000006e5800000, 0x00000006e5800000, 0x00000006e5c00000|  0%| F|  |TAMS 0x00000006e5800000, 0x00000006e5800000| Untracked 
| 139|0x00000006e5c00000, 0x00000006e5c00000, 0x00000006e6000000|  0%| F|  |TAMS 0x00000006e5c00000, 0x00000006e5c00000| Untracked 
| 140|0x00000006e6000000, 0x00000006e6000000, 0x00000006e6400000|  0%| F|  |TAMS 0x00000006e6000000, 0x00000006e6000000| Untracked 
| 141|0x00000006e6400000, 0x00000006e6400000, 0x00000006e6800000|  0%| F|  |TAMS 0x00000006e6400000, 0x00000006e6400000| Untracked 
| 142|0x00000006e6800000, 0x00000006e6800000, 0x00000006e6c00000|  0%| F|  |TAMS 0x00000006e6800000, 0x00000006e6800000| Untracked 
| 143|0x00000006e6c00000, 0x00000006e6c00000, 0x00000006e7000000|  0%| F|  |TAMS 0x00000006e6c00000, 0x00000006e6c00000| Untracked 
| 144|0x00000006e7000000, 0x00000006e7000000, 0x00000006e7400000|  0%| F|  |TAMS 0x00000006e7000000, 0x00000006e7000000| Untracked 
| 145|0x00000006e7400000, 0x00000006e7400000, 0x00000006e7800000|  0%| F|  |TAMS 0x00000006e7400000, 0x00000006e7400000| Untracked 
| 146|0x00000006e7800000, 0x00000006e7800000, 0x00000006e7c00000|  0%| F|  |TAMS 0x00000006e7800000, 0x00000006e7800000| Untracked 
| 147|0x00000006e7c00000, 0x00000006e7c00000, 0x00000006e8000000|  0%| F|  |TAMS 0x00000006e7c00000, 0x00000006e7c00000| Untracked 
| 148|0x00000006e8000000, 0x00000006e8000000, 0x00000006e8400000|  0%| F|  |TAMS 0x00000006e8000000, 0x00000006e8000000| Untracked 
| 149|0x00000006e8400000, 0x00000006e8400000, 0x00000006e8800000|  0%| F|  |TAMS 0x00000006e8400000, 0x00000006e8400000| Untracked 
| 150|0x00000006e8800000, 0x00000006e8c00000, 0x00000006e8c00000|100%| S|CS|TAMS 0x00000006e8800000, 0x00000006e8800000| Complete 
| 151|0x00000006e8c00000, 0x00000006e8c00000, 0x00000006e9000000|  0%| F|  |TAMS 0x00000006e8c00000, 0x00000006e8c00000| Untracked 
| 152|0x00000006e9000000, 0x00000006e9000000, 0x00000006e9400000|  0%| F|  |TAMS 0x00000006e9000000, 0x00000006e9000000| Untracked 
| 153|0x00000006e9400000, 0x00000006e9400000, 0x00000006e9800000|  0%| F|  |TAMS 0x00000006e9400000, 0x00000006e9400000| Untracked 
| 154|0x00000006e9800000, 0x00000006e9800000, 0x00000006e9c00000|  0%| F|  |TAMS 0x00000006e9800000, 0x00000006e9800000| Untracked 
| 155|0x00000006e9c00000, 0x00000006e9c00000, 0x00000006ea000000|  0%| F|  |TAMS 0x00000006e9c00000, 0x00000006e9c00000| Untracked 
| 156|0x00000006ea000000, 0x00000006ea000000, 0x00000006ea400000|  0%| F|  |TAMS 0x00000006ea000000, 0x00000006ea000000| Untracked 
| 157|0x00000006ea400000, 0x00000006ea400000, 0x00000006ea800000|  0%| F|  |TAMS 0x00000006ea400000, 0x00000006ea400000| Untracked 
| 158|0x00000006ea800000, 0x00000006ea800000, 0x00000006eac00000|  0%| F|  |TAMS 0x00000006ea800000, 0x00000006ea800000| Untracked 
| 159|0x00000006eac00000, 0x00000006eac00000, 0x00000006eb000000|  0%| F|  |TAMS 0x00000006eac00000, 0x00000006eac00000| Untracked 
| 160|0x00000006eb000000, 0x00000006eb000000, 0x00000006eb400000|  0%| F|  |TAMS 0x00000006eb000000, 0x00000006eb000000| Untracked 
| 161|0x00000006eb400000, 0x00000006eb400000, 0x00000006eb800000|  0%| F|  |TAMS 0x00000006eb400000, 0x00000006eb400000| Untracked 
| 162|0x00000006eb800000, 0x00000006eb800000, 0x00000006ebc00000|  0%| F|  |TAMS 0x00000006eb800000, 0x00000006eb800000| Untracked 
| 163|0x00000006ebc00000, 0x00000006ebc00000, 0x00000006ec000000|  0%| F|  |TAMS 0x00000006ebc00000, 0x00000006ebc00000| Untracked 
| 164|0x00000006ec000000, 0x00000006ec000000, 0x00000006ec400000|  0%| F|  |TAMS 0x00000006ec000000, 0x00000006ec000000| Untracked 
| 165|0x00000006ec400000, 0x00000006ec400000, 0x00000006ec800000|  0%| F|  |TAMS 0x00000006ec400000, 0x00000006ec400000| Untracked 
| 166|0x00000006ec800000, 0x00000006ec800000, 0x00000006ecc00000|  0%| F|  |TAMS 0x00000006ec800000, 0x00000006ec800000| Untracked 
| 167|0x00000006ecc00000, 0x00000006ecc00000, 0x00000006ed000000|  0%| F|  |TAMS 0x00000006ecc00000, 0x00000006ecc00000| Untracked 
| 168|0x00000006ed000000, 0x00000006ed000000, 0x00000006ed400000|  0%| F|  |TAMS 0x00000006ed000000, 0x00000006ed000000| Untracked 
| 169|0x00000006ed400000, 0x00000006ed400000, 0x00000006ed800000|  0%| F|  |TAMS 0x00000006ed400000, 0x00000006ed400000| Untracked 
| 170|0x00000006ed800000, 0x00000006ed800000, 0x00000006edc00000|  0%| F|  |TAMS 0x00000006ed800000, 0x00000006ed800000| Untracked 
| 171|0x00000006edc00000, 0x00000006edc00000, 0x00000006ee000000|  0%| F|  |TAMS 0x00000006edc00000, 0x00000006edc00000| Untracked 
| 172|0x00000006ee000000, 0x00000006ee000000, 0x00000006ee400000|  0%| F|  |TAMS 0x00000006ee000000, 0x00000006ee000000| Untracked 
| 173|0x00000006ee400000, 0x00000006ee400000, 0x00000006ee800000|  0%| F|  |TAMS 0x00000006ee400000, 0x00000006ee400000| Untracked 
| 174|0x00000006ee800000, 0x00000006ee800000, 0x00000006eec00000|  0%| F|  |TAMS 0x00000006ee800000, 0x00000006ee800000| Untracked 
| 175|0x00000006eec00000, 0x00000006eec00000, 0x00000006ef000000|  0%| F|  |TAMS 0x00000006eec00000, 0x00000006eec00000| Untracked 
| 176|0x00000006ef000000, 0x00000006ef000000, 0x00000006ef400000|  0%| F|  |TAMS 0x00000006ef000000, 0x00000006ef000000| Untracked 
| 177|0x00000006ef400000, 0x00000006ef400000, 0x00000006ef800000|  0%| F|  |TAMS 0x00000006ef400000, 0x00000006ef400000| Untracked 
| 178|0x00000006ef800000, 0x00000006ef800000, 0x00000006efc00000|  0%| F|  |TAMS 0x00000006ef800000, 0x00000006ef800000| Untracked 
| 179|0x00000006efc00000, 0x00000006efc00000, 0x00000006f0000000|  0%| F|  |TAMS 0x00000006efc00000, 0x00000006efc00000| Untracked 
| 180|0x00000006f0000000, 0x00000006f0000000, 0x00000006f0400000|  0%| F|  |TAMS 0x00000006f0000000, 0x00000006f0000000| Untracked 
| 181|0x00000006f0400000, 0x00000006f0400000, 0x00000006f0800000|  0%| F|  |TAMS 0x00000006f0400000, 0x00000006f0400000| Untracked 
| 182|0x00000006f0800000, 0x00000006f0800000, 0x00000006f0c00000|  0%| F|  |TAMS 0x00000006f0800000, 0x00000006f0800000| Untracked 
| 183|0x00000006f0c00000, 0x00000006f0c00000, 0x00000006f1000000|  0%| F|  |TAMS 0x00000006f0c00000, 0x00000006f0c00000| Untracked 
| 184|0x00000006f1000000, 0x00000006f1000000, 0x00000006f1400000|  0%| F|  |TAMS 0x00000006f1000000, 0x00000006f1000000| Untracked 
| 185|0x00000006f1400000, 0x00000006f1400000, 0x00000006f1800000|  0%| F|  |TAMS 0x00000006f1400000, 0x00000006f1400000| Untracked 
| 186|0x00000006f1800000, 0x00000006f1800000, 0x00000006f1c00000|  0%| F|  |TAMS 0x00000006f1800000, 0x00000006f1800000| Untracked 
| 187|0x00000006f1c00000, 0x00000006f1c00000, 0x00000006f2000000|  0%| F|  |TAMS 0x00000006f1c00000, 0x00000006f1c00000| Untracked 
| 188|0x00000006f2000000, 0x00000006f2000000, 0x00000006f2400000|  0%| F|  |TAMS 0x00000006f2000000, 0x00000006f2000000| Untracked 
| 189|0x00000006f2400000, 0x00000006f2400000, 0x00000006f2800000|  0%| F|  |TAMS 0x00000006f2400000, 0x00000006f2400000| Untracked 
| 190|0x00000006f2800000, 0x00000006f2800000, 0x00000006f2c00000|  0%| F|  |TAMS 0x00000006f2800000, 0x00000006f2800000| Untracked 
| 191|0x00000006f2c00000, 0x00000006f2c00000, 0x00000006f3000000|  0%| F|  |TAMS 0x00000006f2c00000, 0x00000006f2c00000| Untracked 
| 192|0x00000006f3000000, 0x00000006f3000000, 0x00000006f3400000|  0%| F|  |TAMS 0x00000006f3000000, 0x00000006f3000000| Untracked 
| 193|0x00000006f3400000, 0x00000006f3400000, 0x00000006f3800000|  0%| F|  |TAMS 0x00000006f3400000, 0x00000006f3400000| Untracked 
| 194|0x00000006f3800000, 0x00000006f3800000, 0x00000006f3c00000|  0%| F|  |TAMS 0x00000006f3800000, 0x00000006f3800000| Untracked 
| 195|0x00000006f3c00000, 0x00000006f3c00000, 0x00000006f4000000|  0%| F|  |TAMS 0x00000006f3c00000, 0x00000006f3c00000| Untracked 
| 196|0x00000006f4000000, 0x00000006f4000000, 0x00000006f4400000|  0%| F|  |TAMS 0x00000006f4000000, 0x00000006f4000000| Untracked 
| 197|0x00000006f4400000, 0x00000006f4400000, 0x00000006f4800000|  0%| F|  |TAMS 0x00000006f4400000, 0x00000006f4400000| Untracked 
| 198|0x00000006f4800000, 0x00000006f4800000, 0x00000006f4c00000|  0%| F|  |TAMS 0x00000006f4800000, 0x00000006f4800000| Untracked 
| 199|0x00000006f4c00000, 0x00000006f4c00000, 0x00000006f5000000|  0%| F|  |TAMS 0x00000006f4c00000, 0x00000006f4c00000| Untracked 
| 200|0x00000006f5000000, 0x00000006f5000000, 0x00000006f5400000|  0%| F|  |TAMS 0x00000006f5000000, 0x00000006f5000000| Untracked 
| 201|0x00000006f5400000, 0x00000006f5400000, 0x00000006f5800000|  0%| F|  |TAMS 0x00000006f5400000, 0x00000006f5400000| Untracked 
| 202|0x00000006f5800000, 0x00000006f5800000, 0x00000006f5c00000|  0%| F|  |TAMS 0x00000006f5800000, 0x00000006f5800000| Untracked 
| 203|0x00000006f5c00000, 0x00000006f5c00000, 0x00000006f6000000|  0%| F|  |TAMS 0x00000006f5c00000, 0x00000006f5c00000| Untracked 
| 204|0x00000006f6000000, 0x00000006f6000000, 0x00000006f6400000|  0%| F|  |TAMS 0x00000006f6000000, 0x00000006f6000000| Untracked 
| 205|0x00000006f6400000, 0x00000006f6400000, 0x00000006f6800000|  0%| F|  |TAMS 0x00000006f6400000, 0x00000006f6400000| Untracked 
| 206|0x00000006f6800000, 0x00000006f6800000, 0x00000006f6c00000|  0%| F|  |TAMS 0x00000006f6800000, 0x00000006f6800000| Untracked 
| 207|0x00000006f6c00000, 0x00000006f6c00000, 0x00000006f7000000|  0%| F|  |TAMS 0x00000006f6c00000, 0x00000006f6c00000| Untracked 
| 208|0x00000006f7000000, 0x00000006f7000000, 0x00000006f7400000|  0%| F|  |TAMS 0x00000006f7000000, 0x00000006f7000000| Untracked 
| 209|0x00000006f7400000, 0x00000006f7400000, 0x00000006f7800000|  0%| F|  |TAMS 0x00000006f7400000, 0x00000006f7400000| Untracked 
| 210|0x00000006f7800000, 0x00000006f7800000, 0x00000006f7c00000|  0%| F|  |TAMS 0x00000006f7800000, 0x00000006f7800000| Untracked 
| 211|0x00000006f7c00000, 0x00000006f7c00000, 0x00000006f8000000|  0%| F|  |TAMS 0x00000006f7c00000, 0x00000006f7c00000| Untracked 
| 212|0x00000006f8000000, 0x00000006f8000000, 0x00000006f8400000|  0%| F|  |TAMS 0x00000006f8000000, 0x00000006f8000000| Untracked 
| 213|0x00000006f8400000, 0x00000006f8400000, 0x00000006f8800000|  0%| F|  |TAMS 0x00000006f8400000, 0x00000006f8400000| Untracked 
| 214|0x00000006f8800000, 0x00000006f8800000, 0x00000006f8c00000|  0%| F|  |TAMS 0x00000006f8800000, 0x00000006f8800000| Untracked 
| 215|0x00000006f8c00000, 0x00000006f8c00000, 0x00000006f9000000|  0%| F|  |TAMS 0x00000006f8c00000, 0x00000006f8c00000| Untracked 
| 216|0x00000006f9000000, 0x00000006f9000000, 0x00000006f9400000|  0%| F|  |TAMS 0x00000006f9000000, 0x00000006f9000000| Untracked 
| 217|0x00000006f9400000, 0x00000006f9400000, 0x00000006f9800000|  0%| F|  |TAMS 0x00000006f9400000, 0x00000006f9400000| Untracked 
| 218|0x00000006f9800000, 0x00000006f9800000, 0x00000006f9c00000|  0%| F|  |TAMS 0x00000006f9800000, 0x00000006f9800000| Untracked 
| 219|0x00000006f9c00000, 0x00000006f9c00000, 0x00000006fa000000|  0%| F|  |TAMS 0x00000006f9c00000, 0x00000006f9c00000| Untracked 
| 220|0x00000006fa000000, 0x00000006fa000000, 0x00000006fa400000|  0%| F|  |TAMS 0x00000006fa000000, 0x00000006fa000000| Untracked 
| 221|0x00000006fa400000, 0x00000006fa400000, 0x00000006fa800000|  0%| F|  |TAMS 0x00000006fa400000, 0x00000006fa400000| Untracked 
| 222|0x00000006fa800000, 0x00000006fa800000, 0x00000006fac00000|  0%| F|  |TAMS 0x00000006fa800000, 0x00000006fa800000| Untracked 
| 223|0x00000006fac00000, 0x00000006fac00000, 0x00000006fb000000|  0%| F|  |TAMS 0x00000006fac00000, 0x00000006fac00000| Untracked 
| 224|0x00000006fb000000, 0x00000006fb000000, 0x00000006fb400000|  0%| F|  |TAMS 0x00000006fb000000, 0x00000006fb000000| Untracked 
| 225|0x00000006fb400000, 0x00000006fb400000, 0x00000006fb800000|  0%| F|  |TAMS 0x00000006fb400000, 0x00000006fb400000| Untracked 
| 226|0x00000006fb800000, 0x00000006fb800000, 0x00000006fbc00000|  0%| F|  |TAMS 0x00000006fb800000, 0x00000006fb800000| Untracked 
| 227|0x00000006fbc00000, 0x00000006fbc00000, 0x00000006fc000000|  0%| F|  |TAMS 0x00000006fbc00000, 0x00000006fbc00000| Untracked 
| 228|0x00000006fc000000, 0x00000006fc000000, 0x00000006fc400000|  0%| F|  |TAMS 0x00000006fc000000, 0x00000006fc000000| Untracked 
| 229|0x00000006fc400000, 0x00000006fc400000, 0x00000006fc800000|  0%| F|  |TAMS 0x00000006fc400000, 0x00000006fc400000| Untracked 
| 230|0x00000006fc800000, 0x00000006fc800000, 0x00000006fcc00000|  0%| F|  |TAMS 0x00000006fc800000, 0x00000006fc800000| Untracked 
| 231|0x00000006fcc00000, 0x00000006fcc00000, 0x00000006fd000000|  0%| F|  |TAMS 0x00000006fcc00000, 0x00000006fcc00000| Untracked 
| 232|0x00000006fd000000, 0x00000006fd000000, 0x00000006fd400000|  0%| F|  |TAMS 0x00000006fd000000, 0x00000006fd000000| Untracked 
| 233|0x00000006fd400000, 0x00000006fd400000, 0x00000006fd800000|  0%| F|  |TAMS 0x00000006fd400000, 0x00000006fd400000| Untracked 
| 234|0x00000006fd800000, 0x00000006fd800000, 0x00000006fdc00000|  0%| F|  |TAMS 0x00000006fd800000, 0x00000006fd800000| Untracked 
| 235|0x00000006fdc00000, 0x00000006fdc00000, 0x00000006fe000000|  0%| F|  |TAMS 0x00000006fdc00000, 0x00000006fdc00000| Untracked 
| 236|0x00000006fe000000, 0x00000006fe000000, 0x00000006fe400000|  0%| F|  |TAMS 0x00000006fe000000, 0x00000006fe000000| Untracked 
| 237|0x00000006fe400000, 0x00000006fe400000, 0x00000006fe800000|  0%| F|  |TAMS 0x00000006fe400000, 0x00000006fe400000| Untracked 
| 238|0x00000006fe800000, 0x00000006fe800000, 0x00000006fec00000|  0%| F|  |TAMS 0x00000006fe800000, 0x00000006fe800000| Untracked 
| 239|0x00000006fec00000, 0x00000006fec00000, 0x00000006ff000000|  0%| F|  |TAMS 0x00000006fec00000, 0x00000006fec00000| Untracked 
| 240|0x00000006ff000000, 0x00000006ff000000, 0x00000006ff400000|  0%| F|  |TAMS 0x00000006ff000000, 0x00000006ff000000| Untracked 
| 241|0x00000006ff400000, 0x00000006ff400000, 0x00000006ff800000|  0%| F|  |TAMS 0x00000006ff400000, 0x00000006ff400000| Untracked 
| 242|0x00000006ff800000, 0x00000006ff800000, 0x00000006ffc00000|  0%| F|  |TAMS 0x00000006ff800000, 0x00000006ff800000| Untracked 
| 243|0x00000006ffc00000, 0x00000006ffc00000, 0x0000000700000000|  0%| F|  |TAMS 0x00000006ffc00000, 0x00000006ffc00000| Untracked 
| 244|0x0000000700000000, 0x0000000700000000, 0x0000000700400000|  0%| F|  |TAMS 0x0000000700000000, 0x0000000700000000| Untracked 
| 245|0x0000000700400000, 0x0000000700400000, 0x0000000700800000|  0%| F|  |TAMS 0x0000000700400000, 0x0000000700400000| Untracked 
| 246|0x0000000700800000, 0x0000000700800000, 0x0000000700c00000|  0%| F|  |TAMS 0x0000000700800000, 0x0000000700800000| Untracked 
| 247|0x0000000700c00000, 0x0000000700c00000, 0x0000000701000000|  0%| F|  |TAMS 0x0000000700c00000, 0x0000000700c00000| Untracked 
| 248|0x0000000701000000, 0x00000007013e37d8, 0x0000000701400000| 97%| E|  |TAMS 0x0000000701000000, 0x0000000701000000| Complete 
| 249|0x0000000701400000, 0x0000000701800000, 0x0000000701800000|100%| E|CS|TAMS 0x0000000701400000, 0x0000000701400000| Complete 
| 250|0x0000000701800000, 0x0000000701c00000, 0x0000000701c00000|100%| E|CS|TAMS 0x0000000701800000, 0x0000000701800000| Complete 
| 251|0x0000000701c00000, 0x0000000702000000, 0x0000000702000000|100%| E|CS|TAMS 0x0000000701c00000, 0x0000000701c00000| Complete 
| 252|0x0000000702000000, 0x0000000702400000, 0x0000000702400000|100%| E|CS|TAMS 0x0000000702000000, 0x0000000702000000| Complete 
| 253|0x0000000702400000, 0x0000000702800000, 0x0000000702800000|100%| E|CS|TAMS 0x0000000702400000, 0x0000000702400000| Complete 
| 254|0x0000000702800000, 0x0000000702c00000, 0x0000000702c00000|100%| E|CS|TAMS 0x0000000702800000, 0x0000000702800000| Complete 
| 255|0x0000000702c00000, 0x0000000703000000, 0x0000000703000000|100%| E|CS|TAMS 0x0000000702c00000, 0x0000000702c00000| Complete 
| 256|0x0000000703000000, 0x0000000703400000, 0x0000000703400000|100%| E|CS|TAMS 0x0000000703000000, 0x0000000703000000| Complete 
| 257|0x0000000703400000, 0x0000000703800000, 0x0000000703800000|100%| E|CS|TAMS 0x0000000703400000, 0x0000000703400000| Complete 
| 258|0x0000000703800000, 0x0000000703c00000, 0x0000000703c00000|100%| E|CS|TAMS 0x0000000703800000, 0x0000000703800000| Complete 
| 259|0x0000000703c00000, 0x0000000704000000, 0x0000000704000000|100%| E|CS|TAMS 0x0000000703c00000, 0x0000000703c00000| Complete 
| 260|0x0000000704000000, 0x0000000704400000, 0x0000000704400000|100%| E|CS|TAMS 0x0000000704000000, 0x0000000704000000| Complete 
| 261|0x0000000704400000, 0x0000000704800000, 0x0000000704800000|100%| E|CS|TAMS 0x0000000704400000, 0x0000000704400000| Complete 
| 262|0x0000000704800000, 0x0000000704c00000, 0x0000000704c00000|100%| E|CS|TAMS 0x0000000704800000, 0x0000000704800000| Complete 
| 263|0x0000000704c00000, 0x0000000705000000, 0x0000000705000000|100%| E|CS|TAMS 0x0000000704c00000, 0x0000000704c00000| Complete 
| 264|0x0000000705000000, 0x0000000705400000, 0x0000000705400000|100%| E|CS|TAMS 0x0000000705000000, 0x0000000705000000| Complete 
| 265|0x0000000705400000, 0x0000000705800000, 0x0000000705800000|100%| E|CS|TAMS 0x0000000705400000, 0x0000000705400000| Complete 
| 266|0x0000000705800000, 0x0000000705c00000, 0x0000000705c00000|100%| E|CS|TAMS 0x0000000705800000, 0x0000000705800000| Complete 
| 267|0x0000000705c00000, 0x0000000706000000, 0x0000000706000000|100%| E|CS|TAMS 0x0000000705c00000, 0x0000000705c00000| Complete 
| 268|0x0000000706000000, 0x0000000706400000, 0x0000000706400000|100%| E|CS|TAMS 0x0000000706000000, 0x0000000706000000| Complete 
| 269|0x0000000706400000, 0x0000000706800000, 0x0000000706800000|100%| E|CS|TAMS 0x0000000706400000, 0x0000000706400000| Complete 
| 270|0x0000000706800000, 0x0000000706c00000, 0x0000000706c00000|100%| E|CS|TAMS 0x0000000706800000, 0x0000000706800000| Complete 
| 271|0x0000000706c00000, 0x0000000707000000, 0x0000000707000000|100%| E|CS|TAMS 0x0000000706c00000, 0x0000000706c00000| Complete 
| 272|0x0000000707000000, 0x0000000707400000, 0x0000000707400000|100%| E|CS|TAMS 0x0000000707000000, 0x0000000707000000| Complete 
| 273|0x0000000707400000, 0x0000000707800000, 0x0000000707800000|100%| E|CS|TAMS 0x0000000707400000, 0x0000000707400000| Complete 
| 274|0x0000000707800000, 0x0000000707c00000, 0x0000000707c00000|100%| E|CS|TAMS 0x0000000707800000, 0x0000000707800000| Complete 
| 275|0x0000000707c00000, 0x0000000708000000, 0x0000000708000000|100%| E|CS|TAMS 0x0000000707c00000, 0x0000000707c00000| Complete 
| 276|0x0000000708000000, 0x0000000708400000, 0x0000000708400000|100%| E|CS|TAMS 0x0000000708000000, 0x0000000708000000| Complete 
| 277|0x0000000708400000, 0x0000000708800000, 0x0000000708800000|100%| E|CS|TAMS 0x0000000708400000, 0x0000000708400000| Complete 
| 278|0x0000000708800000, 0x0000000708c00000, 0x0000000708c00000|100%| E|CS|TAMS 0x0000000708800000, 0x0000000708800000| Complete 
| 279|0x0000000708c00000, 0x0000000709000000, 0x0000000709000000|100%| E|CS|TAMS 0x0000000708c00000, 0x0000000708c00000| Complete 
| 280|0x0000000709000000, 0x0000000709400000, 0x0000000709400000|100%| E|CS|TAMS 0x0000000709000000, 0x0000000709000000| Complete 
| 281|0x0000000709400000, 0x0000000709800000, 0x0000000709800000|100%| E|CS|TAMS 0x0000000709400000, 0x0000000709400000| Complete 
| 282|0x0000000709800000, 0x0000000709c00000, 0x0000000709c00000|100%| E|CS|TAMS 0x0000000709800000, 0x0000000709800000| Complete 
| 283|0x0000000709c00000, 0x000000070a000000, 0x000000070a000000|100%| E|CS|TAMS 0x0000000709c00000, 0x0000000709c00000| Complete 
| 284|0x000000070a000000, 0x000000070a400000, 0x000000070a400000|100%| E|CS|TAMS 0x000000070a000000, 0x000000070a000000| Complete 
| 285|0x000000070a400000, 0x000000070a800000, 0x000000070a800000|100%| E|CS|TAMS 0x000000070a400000, 0x000000070a400000| Complete 
| 286|0x000000070a800000, 0x000000070ac00000, 0x000000070ac00000|100%| E|CS|TAMS 0x000000070a800000, 0x000000070a800000| Complete 
| 287|0x000000070ac00000, 0x000000070b000000, 0x000000070b000000|100%| E|CS|TAMS 0x000000070ac00000, 0x000000070ac00000| Complete 
| 288|0x000000070b000000, 0x000000070b400000, 0x000000070b400000|100%| E|CS|TAMS 0x000000070b000000, 0x000000070b000000| Complete 
| 289|0x000000070b400000, 0x000000070b800000, 0x000000070b800000|100%| E|CS|TAMS 0x000000070b400000, 0x000000070b400000| Complete 
| 290|0x000000070b800000, 0x000000070bc00000, 0x000000070bc00000|100%| E|CS|TAMS 0x000000070b800000, 0x000000070b800000| Complete 
| 291|0x000000070bc00000, 0x000000070c000000, 0x000000070c000000|100%| E|CS|TAMS 0x000000070bc00000, 0x000000070bc00000| Complete 
| 292|0x000000070c000000, 0x000000070c400000, 0x000000070c400000|100%| E|CS|TAMS 0x000000070c000000, 0x000000070c000000| Complete 
| 293|0x000000070c400000, 0x000000070c800000, 0x000000070c800000|100%| E|CS|TAMS 0x000000070c400000, 0x000000070c400000| Complete 
| 294|0x000000070c800000, 0x000000070cc00000, 0x000000070cc00000|100%| E|CS|TAMS 0x000000070c800000, 0x000000070c800000| Complete 
| 295|0x000000070cc00000, 0x000000070d000000, 0x000000070d000000|100%| E|CS|TAMS 0x000000070cc00000, 0x000000070cc00000| Complete 
| 296|0x000000070d000000, 0x000000070d400000, 0x000000070d400000|100%| E|CS|TAMS 0x000000070d000000, 0x000000070d000000| Complete 
| 297|0x000000070d400000, 0x000000070d800000, 0x000000070d800000|100%| E|CS|TAMS 0x000000070d400000, 0x000000070d400000| Complete 
| 298|0x000000070d800000, 0x000000070dc00000, 0x000000070dc00000|100%| E|CS|TAMS 0x000000070d800000, 0x000000070d800000| Complete 
| 299|0x000000070dc00000, 0x000000070e000000, 0x000000070e000000|100%| E|CS|TAMS 0x000000070dc00000, 0x000000070dc00000| Complete 
| 300|0x000000070e000000, 0x000000070e400000, 0x000000070e400000|100%| E|CS|TAMS 0x000000070e000000, 0x000000070e000000| Complete 
| 301|0x000000070e400000, 0x000000070e800000, 0x000000070e800000|100%| E|CS|TAMS 0x000000070e400000, 0x000000070e400000| Complete 
| 302|0x000000070e800000, 0x000000070ec00000, 0x000000070ec00000|100%| E|CS|TAMS 0x000000070e800000, 0x000000070e800000| Complete 
| 303|0x000000070ec00000, 0x000000070f000000, 0x000000070f000000|100%| E|CS|TAMS 0x000000070ec00000, 0x000000070ec00000| Complete 
| 304|0x000000070f000000, 0x000000070f400000, 0x000000070f400000|100%| E|CS|TAMS 0x000000070f000000, 0x000000070f000000| Complete 
| 305|0x000000070f400000, 0x000000070f800000, 0x000000070f800000|100%| E|CS|TAMS 0x000000070f400000, 0x000000070f400000| Complete 
| 306|0x000000070f800000, 0x000000070fc00000, 0x000000070fc00000|100%| E|CS|TAMS 0x000000070f800000, 0x000000070f800000| Complete 
| 307|0x000000070fc00000, 0x0000000710000000, 0x0000000710000000|100%| E|CS|TAMS 0x000000070fc00000, 0x000000070fc00000| Complete 
| 308|0x0000000710000000, 0x0000000710400000, 0x0000000710400000|100%| E|CS|TAMS 0x0000000710000000, 0x0000000710000000| Complete 
| 309|0x0000000710400000, 0x0000000710800000, 0x0000000710800000|100%| E|CS|TAMS 0x0000000710400000, 0x0000000710400000| Complete 
| 310|0x0000000710800000, 0x0000000710c00000, 0x0000000710c00000|100%| E|CS|TAMS 0x0000000710800000, 0x0000000710800000| Complete 
| 311|0x0000000710c00000, 0x0000000711000000, 0x0000000711000000|100%| E|CS|TAMS 0x0000000710c00000, 0x0000000710c00000| Complete 
| 312|0x0000000711000000, 0x0000000711400000, 0x0000000711400000|100%| E|  |TAMS 0x0000000711000000, 0x0000000711000000| Complete 
| 313|0x0000000711400000, 0x0000000711800000, 0x0000000711800000|100%| E|CS|TAMS 0x0000000711400000, 0x0000000711400000| Complete 
| 314|0x0000000711800000, 0x0000000711c00000, 0x0000000711c00000|100%| E|CS|TAMS 0x0000000711800000, 0x0000000711800000| Complete 
| 315|0x0000000711c00000, 0x0000000712000000, 0x0000000712000000|100%| E|CS|TAMS 0x0000000711c00000, 0x0000000711c00000| Complete 
| 316|0x0000000712000000, 0x0000000712400000, 0x0000000712400000|100%| E|CS|TAMS 0x0000000712000000, 0x0000000712000000| Complete 
| 317|0x0000000712400000, 0x0000000712800000, 0x0000000712800000|100%| E|CS|TAMS 0x0000000712400000, 0x0000000712400000| Complete 
| 318|0x0000000712800000, 0x0000000712c00000, 0x0000000712c00000|100%| E|CS|TAMS 0x0000000712800000, 0x0000000712800000| Complete 
| 319|0x0000000712c00000, 0x0000000713000000, 0x0000000713000000|100%| E|CS|TAMS 0x0000000712c00000, 0x0000000712c00000| Complete 
| 320|0x0000000713000000, 0x0000000713400000, 0x0000000713400000|100%| E|CS|TAMS 0x0000000713000000, 0x0000000713000000| Complete 
| 321|0x0000000713400000, 0x0000000713800000, 0x0000000713800000|100%| E|CS|TAMS 0x0000000713400000, 0x0000000713400000| Complete 
| 322|0x0000000713800000, 0x0000000713c00000, 0x0000000713c00000|100%| E|CS|TAMS 0x0000000713800000, 0x0000000713800000| Complete 
| 323|0x0000000713c00000, 0x0000000714000000, 0x0000000714000000|100%| E|CS|TAMS 0x0000000713c00000, 0x0000000713c00000| Complete 
| 324|0x0000000714000000, 0x0000000714400000, 0x0000000714400000|100%| E|CS|TAMS 0x0000000714000000, 0x0000000714000000| Complete 
| 325|0x0000000714400000, 0x0000000714800000, 0x0000000714800000|100%| E|CS|TAMS 0x0000000714400000, 0x0000000714400000| Complete 
| 326|0x0000000714800000, 0x0000000714c00000, 0x0000000714c00000|100%| E|CS|TAMS 0x0000000714800000, 0x0000000714800000| Complete 
| 327|0x0000000714c00000, 0x0000000715000000, 0x0000000715000000|100%| E|CS|TAMS 0x0000000714c00000, 0x0000000714c00000| Complete 
| 328|0x0000000715000000, 0x0000000715400000, 0x0000000715400000|100%| E|CS|TAMS 0x0000000715000000, 0x0000000715000000| Complete 
| 329|0x0000000715400000, 0x0000000715800000, 0x0000000715800000|100%| E|CS|TAMS 0x0000000715400000, 0x0000000715400000| Complete 
| 330|0x0000000715800000, 0x0000000715c00000, 0x0000000715c00000|100%| E|CS|TAMS 0x0000000715800000, 0x0000000715800000| Complete 
| 331|0x0000000715c00000, 0x0000000716000000, 0x0000000716000000|100%| E|CS|TAMS 0x0000000715c00000, 0x0000000715c00000| Complete 
| 332|0x0000000716000000, 0x0000000716400000, 0x0000000716400000|100%| E|CS|TAMS 0x0000000716000000, 0x0000000716000000| Complete 
| 333|0x0000000716400000, 0x0000000716800000, 0x0000000716800000|100%| E|CS|TAMS 0x0000000716400000, 0x0000000716400000| Complete 
| 334|0x0000000716800000, 0x0000000716c00000, 0x0000000716c00000|100%| E|CS|TAMS 0x0000000716800000, 0x0000000716800000| Complete 
| 335|0x0000000716c00000, 0x0000000717000000, 0x0000000717000000|100%| E|CS|TAMS 0x0000000716c00000, 0x0000000716c00000| Complete 
| 336|0x0000000717000000, 0x0000000717400000, 0x0000000717400000|100%| E|CS|TAMS 0x0000000717000000, 0x0000000717000000| Complete 
| 337|0x0000000717400000, 0x0000000717800000, 0x0000000717800000|100%| E|CS|TAMS 0x0000000717400000, 0x0000000717400000| Complete 
| 338|0x0000000717800000, 0x0000000717c00000, 0x0000000717c00000|100%| E|CS|TAMS 0x0000000717800000, 0x0000000717800000| Complete 
| 339|0x0000000717c00000, 0x0000000718000000, 0x0000000718000000|100%| E|CS|TAMS 0x0000000717c00000, 0x0000000717c00000| Complete 
| 340|0x0000000718000000, 0x0000000718400000, 0x0000000718400000|100%| E|CS|TAMS 0x0000000718000000, 0x0000000718000000| Complete 
| 341|0x0000000718400000, 0x0000000718800000, 0x0000000718800000|100%| E|CS|TAMS 0x0000000718400000, 0x0000000718400000| Complete 
| 342|0x0000000718800000, 0x0000000718c00000, 0x0000000718c00000|100%| E|CS|TAMS 0x0000000718800000, 0x0000000718800000| Complete 
| 343|0x0000000718c00000, 0x0000000719000000, 0x0000000719000000|100%| E|CS|TAMS 0x0000000718c00000, 0x0000000718c00000| Complete 
| 344|0x0000000719000000, 0x0000000719400000, 0x0000000719400000|100%| E|CS|TAMS 0x0000000719000000, 0x0000000719000000| Complete 
| 345|0x0000000719400000, 0x0000000719800000, 0x0000000719800000|100%| E|CS|TAMS 0x0000000719400000, 0x0000000719400000| Complete 
| 346|0x0000000719800000, 0x0000000719c00000, 0x0000000719c00000|100%| E|CS|TAMS 0x0000000719800000, 0x0000000719800000| Complete 

Card table byte_map: [0x000002b9fa0f0000,0x000002b9faae0000] _byte_map_base: 0x000002b9f6ad8000

Marking Bits (Prev, Next): (CMBitMap*) 0x000002b9f93a6be0, (CMBitMap*) 0x000002b9f93a6c20
 Prev Bits: [0x000002b996a60000, 0x000002b99b9a0000)
 Next Bits: [0x000002b99b9a0000, 0x000002b9a08e0000)

Polling page: 0x000002b9f72e0000

Metaspace:

Usage:
  Non-class:     25.26 MB used.
      Class:      5.18 MB used.
       Both:     30.43 MB used.

Virtual space:
  Non-class space:       64.00 MB reserved,      25.56 MB ( 40%) committed,  1 nodes.
      Class space:        1.00 GB reserved,       5.44 MB ( <1%) committed,  1 nodes.
             Both:        1.06 GB reserved,      31.00 MB (  3%) committed. 

Chunk freelists:
   Non-Class:  6.17 MB
       Class:  10.59 MB
        Both:  16.76 MB

MaxMetaspaceSize: unlimited
CompressedClassSpaceSize: 1.00 GB
Initial GC threshold: 21.00 MB
Current GC threshold: 38.88 MB
CDS: on
MetaspaceReclaimPolicy: balanced
 - commit_granule_bytes: 65536.
 - commit_granule_words: 8192.
 - virtual_space_node_default_size: 8388608.
 - enlarge_chunks_in_place: 1.
 - new_chunks_are_fully_committed: 0.
 - uncommit_free_chunks: 1.
 - use_allocation_guard: 0.
 - handle_deallocations: 1.


Internal statistics:

num_allocs_failed_limit: 18.
num_arena_births: 1264.
num_arena_deaths: 528.
num_vsnodes_births: 2.
num_vsnodes_deaths: 0.
num_space_committed: 496.
num_space_uncommitted: 0.
num_chunks_returned_to_freelist: 781.
num_chunks_taken_from_freelist: 2756.
num_chunk_merges: 304.
num_chunk_splits: 1438.
num_chunks_enlarged: 619.
num_inconsistent_stats: 0.

CodeHeap 'non-profiled nmethods': size=120000Kb used=4262Kb max_used=4453Kb free=115737Kb
 bounds [0x000002b98f530000, 0x000002b98f9a0000, 0x000002b996a60000]
CodeHeap 'profiled nmethods': size=120000Kb used=10968Kb max_used=12937Kb free=109031Kb
 bounds [0x000002b987a60000, 0x000002b988720000, 0x000002b98ef90000]
CodeHeap 'non-nmethods': size=5760Kb used=1270Kb max_used=1320Kb free=4489Kb
 bounds [0x000002b98ef90000, 0x000002b98f200000, 0x000002b98f530000]
 total_blobs=6572 nmethods=6005 adapters=478
 compilation: enabled
              stopped_count=0, restarted_count=0
 full_count=0

Compilation events (20 events):
Event: 47.968 Thread 0x000002b9fde3d360 nmethod 8102 0x000002b987cb1090 code [0x000002b987cb12a0, 0x000002b987cb18c8]
Event: 47.971 Thread 0x000002b9fde3d360 8106       3       java.security.Provider$ServiceKey::equals (53 bytes)
Event: 47.971 Thread 0x000002b9fde27aa0 nmethod 8095 0x000002b98f5be490 code [0x000002b98f5be6a0, 0x000002b98f5bfbb8]
Event: 47.971 Thread 0x000002b9fde27aa0 8105       4       sun.net.util.IPAddressUtil::scan (92 bytes)
Event: 47.972 Thread 0x000002b9fde3d360 nmethod 8106 0x000002b987ceb290 code [0x000002b987ceb460, 0x000002b987ceb938]
Event: 47.983 Thread 0x000002b9fde27aa0 nmethod 8105 0x000002b98f643790 code [0x000002b98f643920, 0x000002b98f644038]
Event: 47.983 Thread 0x000002b9fde27aa0 8107       4       java.util.zip.ZipCoder::hash (36 bytes)
Event: 47.992 Thread 0x000002b9fde27aa0 nmethod 8107 0x000002b98f6f0390 code [0x000002b98f6f0520, 0x000002b98f6f0918]
Event: 47.992 Thread 0x000002b9fde27aa0 8104       4       sun.net.util.IPAddressUtil::checkHostString (53 bytes)
Event: 47.994 Thread 0x000002b9e9a3d640 nmethod 8101 0x000002b98f740010 code [0x000002b98f7401e0, 0x000002b98f740d78]
Event: 47.994 Thread 0x000002b9e9a3d640 8108       4       java.net.URLStreamHandler::parseURL (1201 bytes)
Event: 48.005 Thread 0x000002b9fde27aa0 nmethod 8104 0x000002b98f6ef790 code [0x000002b98f6ef920, 0x000002b98f6eff78]
Event: 48.005 Thread 0x000002b9fde27aa0 8109       4       jdk.internal.ref.CleanerImpl$PhantomCleanableRef::performCleanup (10 bytes)
Event: 48.006 Thread 0x000002b9fde27aa0 nmethod 8109 0x000002b98f643410 code [0x000002b98f643580, 0x000002b98f643618]
Event: 48.006 Thread 0x000002b9fde27aa0 8103       4       java.util.zip.ZipUtils::CENATX_PERMS (9 bytes)
Event: 48.007 Thread 0x000002b9fde27aa0 nmethod 8103 0x000002b98f758790 code [0x000002b98f758900, 0x000002b98f7589b8]
Event: 48.007 Thread 0x000002b9fde27aa0 8110       4       java.nio.file.Path::toFile (36 bytes)
Event: 48.017 Thread 0x000002b9fde27aa0 nmethod 8110 0x000002b98f757a90 code [0x000002b98f757c60, 0x000002b98f758228]
Event: 48.056 Thread 0x000002b9fde27aa0 8111       4       java.util.concurrent.locks.ReentrantLock::<init> (16 bytes)
Event: 48.057 Thread 0x000002b9fde27aa0 nmethod 8111 0x000002b98f757690 code [0x000002b98f757820, 0x000002b98f7579b8]

GC Heap History (20 events):
Event: 3.075 GC heap before
{Heap before GC invocations=6 (full 0):
 garbage-first heap   total 425984K, used 270032K [0x00000006c3000000, 0x0000000800000000)
  region size 4096K, 52 young (212992K), 5 survivors (20480K)
 Metaspace       used 17610K, committed 18176K, reserved 1114112K
  class space    used 2415K, committed 2688K, reserved 1048576K
}
Event: 3.087 GC heap after
{Heap after GC invocations=7 (full 0):
 garbage-first heap   total 425984K, used 102361K [0x00000006c3000000, 0x0000000800000000)
  region size 4096K, 7 young (28672K), 7 survivors (28672K)
 Metaspace       used 17610K, committed 18176K, reserved 1114112K
  class space    used 2415K, committed 2688K, reserved 1048576K
}
Event: 3.268 GC heap before
{Heap before GC invocations=7 (full 0):
 garbage-first heap   total 425984K, used 286681K [0x00000006c3000000, 0x0000000800000000)
  region size 4096K, 52 young (212992K), 7 survivors (28672K)
 Metaspace       used 18791K, committed 19392K, reserved 1114112K
  class space    used 2565K, committed 2816K, reserved 1048576K
}
Event: 3.281 GC heap after
{Heap after GC invocations=8 (full 0):
 garbage-first heap   total 425984K, used 110939K [0x00000006c3000000, 0x0000000800000000)
  region size 4096K, 6 young (24576K), 6 survivors (24576K)
 Metaspace       used 18791K, committed 19392K, reserved 1114112K
  class space    used 2565K, committed 2816K, reserved 1048576K
}
Event: 3.513 GC heap before
{Heap before GC invocations=8 (full 0):
 garbage-first heap   total 425984K, used 291163K [0x00000006c3000000, 0x0000000800000000)
  region size 4096K, 51 young (208896K), 6 survivors (24576K)
 Metaspace       used 19543K, committed 20096K, reserved 1114112K
  class space    used 2661K, committed 2944K, reserved 1048576K
}
Event: 3.528 GC heap after
{Heap after GC invocations=9 (full 0):
 garbage-first heap   total 425984K, used 131052K [0x00000006c3000000, 0x0000000800000000)
  region size 4096K, 6 young (24576K), 6 survivors (24576K)
 Metaspace       used 19543K, committed 20096K, reserved 1114112K
  class space    used 2661K, committed 2944K, reserved 1048576K
}
Event: 3.746 GC heap before
{Heap before GC invocations=9 (full 0):
 garbage-first heap   total 425984K, used 303084K [0x00000006c3000000, 0x0000000800000000)
  region size 4096K, 49 young (200704K), 6 survivors (24576K)
 Metaspace       used 19893K, committed 20480K, reserved 1114112K
  class space    used 2674K, committed 2944K, reserved 1048576K
}
Event: 3.760 GC heap after
{Heap after GC invocations=10 (full 0):
 garbage-first heap   total 602112K, used 148000K [0x00000006c3000000, 0x0000000800000000)
  region size 4096K, 6 young (24576K), 6 survivors (24576K)
 Metaspace       used 19893K, committed 20480K, reserved 1114112K
  class space    used 2674K, committed 2944K, reserved 1048576K
}
Event: 4.125 GC heap before
{Heap before GC invocations=10 (full 0):
 garbage-first heap   total 602112K, used 373280K [0x00000006c3000000, 0x0000000800000000)
  region size 4096K, 63 young (258048K), 6 survivors (24576K)
 Metaspace       used 21006K, committed 21504K, reserved 1114112K
  class space    used 2873K, committed 3136K, reserved 1048576K
}
Event: 4.138 GC heap after
{Heap after GC invocations=11 (full 0):
 garbage-first heap   total 602112K, used 168819K [0x00000006c3000000, 0x0000000800000000)
  region size 4096K, 7 young (28672K), 7 survivors (28672K)
 Metaspace       used 21006K, committed 21504K, reserved 1114112K
  class space    used 2873K, committed 3136K, reserved 1048576K
}
Event: 4.708 GC heap before
{Heap before GC invocations=12 (full 0):
 garbage-first heap   total 602112K, used 430963K [0x00000006c3000000, 0x0000000800000000)
  region size 4096K, 72 young (294912K), 7 survivors (28672K)
 Metaspace       used 22957K, committed 23552K, reserved 1114112K
  class space    used 3104K, committed 3392K, reserved 1048576K
}
Event: 4.728 GC heap after
{Heap after GC invocations=13 (full 0):
 garbage-first heap   total 602112K, used 196864K [0x00000006c3000000, 0x0000000800000000)
  region size 4096K, 9 young (36864K), 9 survivors (36864K)
 Metaspace       used 22957K, committed 23552K, reserved 1114112K
  class space    used 3104K, committed 3392K, reserved 1048576K
}
Event: 4.749 GC heap before
{Heap before GC invocations=13 (full 0):
 garbage-first heap   total 602112K, used 200960K [0x00000006c3000000, 0x0000000800000000)
  region size 4096K, 10 young (40960K), 9 survivors (36864K)
 Metaspace       used 22959K, committed 23552K, reserved 1114112K
  class space    used 3104K, committed 3392K, reserved 1048576K
}
Event: 4.760 GC heap after
{Heap after GC invocations=14 (full 0):
 garbage-first heap   total 602112K, used 196209K [0x00000006c3000000, 0x0000000800000000)
  region size 4096K, 1 young (4096K), 1 survivors (4096K)
 Metaspace       used 22959K, committed 23552K, reserved 1114112K
  class space    used 3104K, committed 3392K, reserved 1048576K
}
Event: 5.092 GC heap before
{Heap before GC invocations=14 (full 0):
 garbage-first heap   total 602112K, used 433777K [0x00000006c3000000, 0x0000000800000000)
  region size 4096K, 60 young (245760K), 1 survivors (4096K)
 Metaspace       used 23328K, committed 23808K, reserved 1114112K
  class space    used 3167K, committed 3456K, reserved 1048576K
}
Event: 5.106 GC heap after
{Heap after GC invocations=15 (full 0):
 garbage-first heap   total 602112K, used 226002K [0x00000006c3000000, 0x0000000800000000)
  region size 4096K, 8 young (32768K), 8 survivors (32768K)
 Metaspace       used 23328K, committed 23808K, reserved 1114112K
  class space    used 3167K, committed 3456K, reserved 1048576K
}
Event: 5.385 GC heap before
{Heap before GC invocations=16 (full 0):
 garbage-first heap   total 622592K, used 451282K [0x00000006c3000000, 0x0000000800000000)
  region size 4096K, 63 young (258048K), 8 survivors (32768K)
 Metaspace       used 23434K, committed 23936K, reserved 1114112K
  class space    used 3184K, committed 3456K, reserved 1048576K
}
Event: 5.402 GC heap after
{Heap after GC invocations=17 (full 0):
 garbage-first heap   total 622592K, used 245418K [0x00000006c3000000, 0x0000000800000000)
  region size 4096K, 8 young (32768K), 8 survivors (32768K)
 Metaspace       used 23434K, committed 23936K, reserved 1114112K
  class space    used 3184K, committed 3456K, reserved 1048576K
}
Event: 5.415 GC heap before
{Heap before GC invocations=17 (full 0):
 garbage-first heap   total 622592K, used 249514K [0x00000006c3000000, 0x0000000800000000)
  region size 4096K, 9 young (36864K), 8 survivors (32768K)
 Metaspace       used 23450K, committed 23936K, reserved 1114112K
  class space    used 3189K, committed 3456K, reserved 1048576K
}
Event: 5.427 GC heap after
{Heap after GC invocations=18 (full 0):
 garbage-first heap   total 1421312K, used 228591K [0x00000006c3000000, 0x0000000800000000)
  region size 4096K, 1 young (4096K), 1 survivors (4096K)
 Metaspace       used 23450K, committed 23936K, reserved 1114112K
  class space    used 3189K, committed 3456K, reserved 1048576K
}

Dll operation events (12 events):
Event: 0.018 Loaded shared library C:\Users\hp\.jdks\corretto-17.0.11\bin\java.dll
Event: 0.035 Loaded shared library C:\Users\hp\.jdks\corretto-17.0.11\bin\jsvml.dll
Event: 0.105 Loaded shared library C:\Users\hp\.jdks\corretto-17.0.11\bin\zip.dll
Event: 0.116 Loaded shared library C:\Users\hp\.jdks\corretto-17.0.11\bin\instrument.dll
Event: 0.121 Loaded shared library C:\Users\hp\.jdks\corretto-17.0.11\bin\net.dll
Event: 0.122 Loaded shared library C:\Users\hp\.jdks\corretto-17.0.11\bin\nio.dll
Event: 0.125 Loaded shared library C:\Users\hp\.jdks\corretto-17.0.11\bin\zip.dll
Event: 0.129 Loaded shared library C:\Program Files\JetBrains\IntelliJ IDEA 2022.1\bin\breakgen64.dll
Event: 0.140 Loaded shared library C:\Users\hp\.jdks\corretto-17.0.11\bin\extnet.dll
Event: 0.235 Loaded shared library C:\Users\hp\.jdks\corretto-17.0.11\bin\jimage.dll
Event: 0.591 Loaded shared library C:\Users\hp\.jdks\corretto-17.0.11\bin\verify.dll
Event: 2.927 Loaded shared library C:\Users\hp\.jdks\corretto-17.0.11\bin\sunmscapi.dll

Deoptimization events (20 events):
Event: 47.925 Thread 0x000002b9e760a180 Uncommon trap: trap_request=0xffffff45 fr.pc=0x000002b98f88cc9c relative=0x00000000000011dc
Event: 47.925 Thread 0x000002b9e760a180 Uncommon trap: reason=unstable_if action=reinterpret pc=0x000002b98f88cc9c method=java.util.regex.Pattern.escape(ZZZ)I @ 8 c2
Event: 47.925 Thread 0x000002b9e760a180 DEOPT PACKING pc=0x000002b98f88cc9c sp=0x000000f2f20fd950
Event: 47.925 Thread 0x000002b9e760a180 DEOPT UNPACKING pc=0x000002b98efea1a3 sp=0x000000f2f20fd8f0 mode 2
Event: 47.926 Thread 0x000002b9e760a180 Uncommon trap: trap_request=0xffffff45 fr.pc=0x000002b98f62d040 relative=0x0000000000000600
Event: 47.926 Thread 0x000002b9e760a180 Uncommon trap: reason=unstable_if action=reinterpret pc=0x000002b98f62d040 method=java.lang.AbstractStringBuilder.appendChars(Ljava/lang/String;II)V @ 11 c2
Event: 47.926 Thread 0x000002b9e760a180 DEOPT PACKING pc=0x000002b98f62d040 sp=0x000000f2f20fe300
Event: 47.926 Thread 0x000002b9e760a180 DEOPT UNPACKING pc=0x000002b98efea1a3 sp=0x000000f2f20fe240 mode 2
Event: 47.926 Thread 0x000002b9e760a180 Uncommon trap: trap_request=0xffffff45 fr.pc=0x000002b98f5e6fc4 relative=0x0000000000000124
Event: 47.926 Thread 0x000002b9e760a180 Uncommon trap: reason=unstable_if action=reinterpret pc=0x000002b98f5e6fc4 method=com.intellij.rt.execution.junit.MapSerializerUtil$1.escape(C)C @ 1 c2
Event: 47.926 Thread 0x000002b9e760a180 DEOPT PACKING pc=0x000002b98f5e6fc4 sp=0x000000f2f20fe620
Event: 47.926 Thread 0x000002b9e760a180 DEOPT UNPACKING pc=0x000002b98efea1a3 sp=0x000000f2f20fe5a0 mode 2
Event: 47.972 Thread 0x000002b9e760a180 Uncommon trap: trap_request=0xffffff45 fr.pc=0x000002b98f611fe8 relative=0x0000000000000068
Event: 47.972 Thread 0x000002b9e760a180 Uncommon trap: reason=unstable_if action=reinterpret pc=0x000002b98f611fe8 method=java.util.Optional.orElseGet(Ljava/util/function/Supplier;)Ljava/lang/Object; @ 4 c2
Event: 47.972 Thread 0x000002b9e760a180 DEOPT PACKING pc=0x000002b98f611fe8 sp=0x000000f2f20fdb60
Event: 47.972 Thread 0x000002b9e760a180 DEOPT UNPACKING pc=0x000002b98efea1a3 sp=0x000000f2f20fdb00 mode 2
Event: 48.048 Thread 0x000002b9e760a180 Uncommon trap: trap_request=0xffffff45 fr.pc=0x000002b98f7917c4 relative=0x0000000000001864
Event: 48.048 Thread 0x000002b9e760a180 Uncommon trap: reason=unstable_if action=reinterpret pc=0x000002b98f7917c4 method=sun.nio.fs.NativeBuffers.releaseNativeBuffer(Lsun/nio/fs/NativeBuffer;)V @ 74 c2
Event: 48.048 Thread 0x000002b9e760a180 DEOPT PACKING pc=0x000002b98f7917c4 sp=0x000000f2f20fd850
Event: 48.048 Thread 0x000002b9e760a180 DEOPT UNPACKING pc=0x000002b98efea1a3 sp=0x000000f2f20fd6c8 mode 2

Classes unloaded (20 events):
Event: 5.262 Thread 0x000002b9fde0a330 Unloading class 0x000002b9a2112800 'java/lang/invoke/LambdaForm$DMH+0x000002b9a2112800'
Event: 5.262 Thread 0x000002b9fde0a330 Unloading class 0x000002b9a2115000 'java/lang/invoke/LambdaForm$DMH+0x000002b9a2115000'
Event: 5.262 Thread 0x000002b9fde0a330 Unloading class 0x000002b9a2138800 'java/lang/invoke/LambdaForm$DMH+0x000002b9a2138800'
Event: 5.262 Thread 0x000002b9fde0a330 Unloading class 0x000002b9a2128c00 'java/lang/invoke/LambdaForm$DMH+0x000002b9a2128c00'
Event: 5.262 Thread 0x000002b9fde0a330 Unloading class 0x000002b9a213ac00 'java/lang/invoke/LambdaForm$DMH+0x000002b9a213ac00'
Event: 5.262 Thread 0x000002b9fde0a330 Unloading class 0x000002b9a2140800 'java/lang/invoke/LambdaForm$DMH+0x000002b9a2140800'
Event: 5.262 Thread 0x000002b9fde0a330 Unloading class 0x000002b9a2149000 'java/lang/invoke/LambdaForm$DMH+0x000002b9a2149000'
Event: 5.262 Thread 0x000002b9fde0a330 Unloading class 0x000002b9a2192000 'java/lang/invoke/LambdaForm$DMH+0x000002b9a2192000'
Event: 5.262 Thread 0x000002b9fde0a330 Unloading class 0x000002b9a2195800 'java/lang/invoke/LambdaForm$DMH+0x000002b9a2195800'
Event: 5.262 Thread 0x000002b9fde0a330 Unloading class 0x000002b9a2196000 'java/lang/invoke/LambdaForm$DMH+0x000002b9a2196000'
Event: 5.262 Thread 0x000002b9fde0a330 Unloading class 0x000002b9a2199000 'java/lang/invoke/LambdaForm$DMH+0x000002b9a2199000'
Event: 5.262 Thread 0x000002b9fde0a330 Unloading class 0x000002b9a219b800 'java/lang/invoke/LambdaForm$DMH+0x000002b9a219b800'
Event: 5.262 Thread 0x000002b9fde0a330 Unloading class 0x000002b9a219e000 'java/lang/invoke/LambdaForm$DMH+0x000002b9a219e000'
Event: 5.262 Thread 0x000002b9fde0a330 Unloading class 0x000002b9a21a0800 'java/lang/invoke/LambdaForm$DMH+0x000002b9a21a0800'
Event: 5.262 Thread 0x000002b9fde0a330 Unloading class 0x000002b9a21a3000 'java/lang/invoke/LambdaForm$DMH+0x000002b9a21a3000'
Event: 5.262 Thread 0x000002b9fde0a330 Unloading class 0x000002b9a21b4000 'java/lang/invoke/LambdaForm$DMH+0x000002b9a21b4000'
Event: 5.262 Thread 0x000002b9fde0a330 Unloading class 0x000002b9a21b9c00 'java/lang/invoke/LambdaForm$DMH+0x000002b9a21b9c00'
Event: 5.262 Thread 0x000002b9fde0a330 Unloading class 0x000002b9a21ec400 'java/lang/invoke/LambdaForm$DMH+0x000002b9a21ec400'
Event: 5.262 Thread 0x000002b9fde0a330 Unloading class 0x000002b9a22d1000 'java/lang/invoke/LambdaForm$DMH+0x000002b9a22d1000'
Event: 5.262 Thread 0x000002b9fde0a330 Unloading class 0x000002b9a22d0400 'java/lang/invoke/LambdaForm$DMH+0x000002b9a22d0400'

Classes redefined (0 events):
No events

Internal exceptions (20 events):
Event: 32.680 Thread 0x000002b9ed54c720 Exception <a 'java/net/ConnectException'{0x00000007076970e0}: Connection refused: getsockopt> (0x00000007076970e0) 
thrown [s\src\hotspot\share\prims\jni.cpp, line 535]
Event: 32.680 Thread 0x000002b9ed54c720 Exception <a 'java/net/SocketException'{0x0000000707697418}: Socket is not connected: shutdown> (0x0000000707697418) 
thrown [s\src\hotspot\share\prims\jni.cpp, line 535]
Event: 32.695 Thread 0x000002b9eaeb5be0 Exception <a 'java/net/ConnectException'{0x0000000705009678}: Connection refused: getsockopt> (0x0000000705009678) 
thrown [s\src\hotspot\share\prims\jni.cpp, line 535]
Event: 32.695 Thread 0x000002b9eaeb5be0 Exception <a 'java/net/SocketException'{0x00000007050099b0}: Socket is not connected: shutdown> (0x00000007050099b0) 
thrown [s\src\hotspot\share\prims\jni.cpp, line 535]
Event: 32.850 Thread 0x000002b9e9a8db60 Exception <a 'java/net/ConnectException'{0x00000007054eb240}: Connection refused: getsockopt> (0x00000007054eb240) 
thrown [s\src\hotspot\share\prims\jni.cpp, line 535]
Event: 32.850 Thread 0x000002b9e9a8db60 Exception <a 'java/net/SocketException'{0x00000007054eb578}: Socket is not connected: shutdown> (0x00000007054eb578) 
thrown [s\src\hotspot\share\prims\jni.cpp, line 535]
Event: 32.856 Thread 0x000002b9ebcdc680 Exception <a 'java/net/ConnectException'{0x00000007046bc320}: Connection refused: getsockopt> (0x00000007046bc320) 
thrown [s\src\hotspot\share\prims\jni.cpp, line 535]
Event: 32.856 Thread 0x000002b9ebcdc680 Exception <a 'java/net/SocketException'{0x00000007046bc658}: Socket is not connected: shutdown> (0x00000007046bc658) 
thrown [s\src\hotspot\share\prims\jni.cpp, line 535]
Event: 33.067 Thread 0x000002b9eaeb5be0 Exception <a 'java/net/ConnectException'{0x000000070500a898}: Connection refused: getsockopt> (0x000000070500a898) 
thrown [s\src\hotspot\share\prims\jni.cpp, line 535]
Event: 33.067 Thread 0x000002b9eaeb5be0 Exception <a 'java/net/SocketException'{0x000000070500abd0}: Socket is not connected: shutdown> (0x000000070500abd0) 
thrown [s\src\hotspot\share\prims\jni.cpp, line 535]
Event: 47.847 Thread 0x000002b9eccfd740 Exception <a 'sun/net/ConnectionResetException'{0x00000007098d21b8}: Connection reset> (0x00000007098d21b8) 
thrown [s\src\hotspot\share\prims\jni.cpp, line 535]
Event: 47.878 Thread 0x000002b9e760a180 Exception <a 'java/lang/NullPointerException'{0x0000000703e23c48}> (0x0000000703e23c48) 
thrown [s\src\hotspot\share\interpreter\linkResolver.cpp, line 1433]
Event: 47.896 Thread 0x000002b9e760a180 Exception <a 'java/lang/NullPointerException'{0x00000007026acac0}> (0x00000007026acac0) 
thrown [s\src\hotspot\share\interpreter\linkResolver.cpp, line 1433]
Event: 47.896 Thread 0x000002b9e760a180 Exception <a 'java/lang/reflect/InvocationTargetException'{0x00000007026ad060}> (0x00000007026ad060) 
thrown [s\src\hotspot\share\runtime\reflection.cpp, line 1121]
Event: 47.905 Thread 0x000002b9e760a180 Exception <a 'java/lang/NullPointerException'{0x00000007026e2178}> (0x00000007026e2178) 
thrown [s\src\hotspot\share\interpreter\linkResolver.cpp, line 1433]
Event: 47.906 Thread 0x000002b9e760a180 Exception <a 'java/lang/NullPointerException'{0x00000007026ec358}> (0x00000007026ec358) 
thrown [s\src\hotspot\share\interpreter\linkResolver.cpp, line 1433]
Event: 47.906 Thread 0x000002b9e760a180 Exception <a 'java/lang/reflect/InvocationTargetException'{0x00000007026ec8d8}> (0x00000007026ec8d8) 
thrown [s\src\hotspot\share\runtime\reflection.cpp, line 1121]
Event: 47.930 Thread 0x000002b9e760a180 Exception <a 'java/lang/NoSuchMethodError'{0x0000000702742020}: 'int java.lang.invoke.DirectMethodHandle$Holder.invokeSpecial(java.lang.Object, java.lang.Object, java.lang.Object, java.lang.Object)'> (0x0000000702742020) 
thrown [s\src\hotspot\share\interpreter\linkResolver.cpp, line 759]
Event: 48.054 Thread 0x000002b9e760a180 Exception <a 'java/net/SocketException'{0x00000007018f70b0}: Socket is not connected: shutdown> (0x00000007018f70b0) 
thrown [s\src\hotspot\share\prims\jni.cpp, line 535]
Event: 48.055 Thread 0x000002b9e760a180 Exception <a 'java/net/SocketException'{0x00000007018f7918}: Socket is not connected: shutdown> (0x00000007018f7918) 
thrown [s\src\hotspot\share\prims\jni.cpp, line 535]

VM Operations (20 events):
Event: 32.496 Executing VM operation: HandshakeAllThreads
Event: 32.599 Executing VM operation: HandshakeAllThreads done
Event: 33.614 Executing VM operation: Cleanup
Event: 33.615 Executing VM operation: Cleanup done
Event: 34.623 Executing VM operation: Cleanup
Event: 34.827 Executing VM operation: Cleanup done
Event: 35.831 Executing VM operation: Cleanup
Event: 35.831 Executing VM operation: Cleanup done
Event: 36.837 Executing VM operation: Cleanup
Event: 36.837 Executing VM operation: Cleanup done
Event: 37.846 Executing VM operation: Cleanup
Event: 37.847 Executing VM operation: Cleanup done
Event: 40.888 Executing VM operation: Cleanup
Event: 40.888 Executing VM operation: Cleanup done
Event: 41.891 Executing VM operation: Cleanup
Event: 41.891 Executing VM operation: Cleanup done
Event: 44.919 Executing VM operation: Cleanup
Event: 44.920 Executing VM operation: Cleanup done
Event: 47.954 Executing VM operation: Cleanup
Event: 47.954 Executing VM operation: Cleanup done

Events (20 events):
Event: 41.204 Thread 0x000002b9e65121b0 Thread added: 0x000002b9e65121b0
Event: 41.256 Thread 0x000002b9ec2059d0 Thread added: 0x000002b9ec2059d0
Event: 47.846 loading class sun/net/ConnectionResetException
Event: 47.846 loading class sun/net/ConnectionResetException done
Event: 47.847 Thread 0x000002b9eac53e40 Thread exited: 0x000002b9eac53e40
Event: 47.849 loading class java/util/concurrent/CompletionException
Event: 47.849 loading class java/util/concurrent/CompletionException done
Event: 47.860 loading class java/net/InetAddress$CachedLocalHost
Event: 47.860 loading class java/net/InetAddress$CachedLocalHost done
Event: 47.863 loading class java/util/TreeMap$EntrySpliterator
Event: 47.863 loading class java/util/TreeMap$EntrySpliterator done
Event: 47.870 loading class java/lang/Throwable$WrappedPrintStream
Event: 47.870 loading class java/lang/Throwable$PrintStreamOrWriter
Event: 47.870 loading class java/lang/Throwable$PrintStreamOrWriter done
Event: 47.870 loading class java/lang/Throwable$WrappedPrintStream done
Event: 47.885 Thread 0x000002b9e9a3d640 Thread added: 0x000002b9e9a3d640
Event: 47.925 loading class java/io/PrintWriter
Event: 47.926 loading class java/io/PrintWriter done
Event: 47.926 loading class java/lang/Throwable$WrappedPrintWriter
Event: 47.926 loading class java/lang/Throwable$WrappedPrintWriter done


Dynamic libraries:
0x00007ff76be80000 - 0x00007ff76be8e000 	C:\Users\hp\.jdks\corretto-17.0.11\bin\java.exe
0x00007ffc721f0000 - 0x00007ffc72407000 	C:\Windows\SYSTEM32\ntdll.dll
0x00007ffc70080000 - 0x00007ffc70144000 	C:\Windows\System32\KERNEL32.DLL
0x00007ffc6fa90000 - 0x00007ffc6fe4a000 	C:\Windows\System32\KERNELBASE.dll
0x00007ffc6f940000 - 0x00007ffc6fa51000 	C:\Windows\System32\ucrtbase.dll
0x00007ffc58330000 - 0x00007ffc5834b000 	C:\Users\hp\.jdks\corretto-17.0.11\bin\VCRUNTIME140.dll
0x00007ffc58310000 - 0x00007ffc58327000 	C:\Users\hp\.jdks\corretto-17.0.11\bin\jli.dll
0x00007ffc71a60000 - 0x00007ffc71c0e000 	C:\Windows\System32\USER32.dll
0x00007ffc6fa60000 - 0x00007ffc6fa86000 	C:\Windows\System32\win32u.dll
0x00007ffc4f7e0000 - 0x00007ffc4fa72000 	C:\Windows\WinSxS\amd64_microsoft.windows.common-controls_6595b64144ccf1df_6.0.22621.4541_none_2710d1c57384c085\COMCTL32.dll
0x00007ffc70900000 - 0x00007ffc70929000 	C:\Windows\System32\GDI32.dll
0x00007ffc70350000 - 0x00007ffc703f7000 	C:\Windows\System32\msvcrt.dll
0x00007ffc6f6b0000 - 0x00007ffc6f7cb000 	C:\Windows\System32\gdi32full.dll
0x00007ffc6fe50000 - 0x00007ffc6feea000 	C:\Windows\System32\msvcp_win.dll
0x00007ffc71a20000 - 0x00007ffc71a51000 	C:\Windows\System32\IMM32.DLL
0x00007ffc68e30000 - 0x00007ffc68e3c000 	C:\Users\hp\.jdks\corretto-17.0.11\bin\vcruntime140_1.dll
0x00007ffc39390000 - 0x00007ffc3941d000 	C:\Users\hp\.jdks\corretto-17.0.11\bin\msvcp140.dll
0x00007ffc088f0000 - 0x00007ffc09552000 	C:\Users\hp\.jdks\corretto-17.0.11\bin\server\jvm.dll
0x00007ffc71fe0000 - 0x00007ffc72092000 	C:\Windows\System32\ADVAPI32.dll
0x00007ffc6ffd0000 - 0x00007ffc70077000 	C:\Windows\System32\sechost.dll
0x00007ffc6f910000 - 0x00007ffc6f938000 	C:\Windows\System32\bcrypt.dll
0x00007ffc71dd0000 - 0x00007ffc71ee4000 	C:\Windows\System32\RPCRT4.dll
0x00007ffc548c0000 - 0x00007ffc548c9000 	C:\Windows\SYSTEM32\WSOCK32.dll
0x00007ffc6e950000 - 0x00007ffc6e99d000 	C:\Windows\SYSTEM32\POWRPROF.dll
0x00007ffc69940000 - 0x00007ffc69974000 	C:\Windows\SYSTEM32\WINMM.dll
0x00007ffc72130000 - 0x00007ffc721a1000 	C:\Windows\System32\WS2_32.dll
0x00007ffc69150000 - 0x00007ffc6915a000 	C:\Windows\SYSTEM32\VERSION.dll
0x00007ffc6e930000 - 0x00007ffc6e943000 	C:\Windows\SYSTEM32\UMPDC.dll
0x00007ffc6e540000 - 0x00007ffc6e558000 	C:\Windows\SYSTEM32\kernel.appcore.dll
0x00007ffc590c0000 - 0x00007ffc590ca000 	C:\Users\hp\.jdks\corretto-17.0.11\bin\jimage.dll
0x00007ffc6cc50000 - 0x00007ffc6ce82000 	C:\Windows\SYSTEM32\DBGHELP.DLL
0x00007ffc70400000 - 0x00007ffc7078f000 	C:\Windows\System32\combase.dll
0x00007ffc6fef0000 - 0x00007ffc6ffc7000 	C:\Windows\System32\OLEAUT32.dll
0x00007ffc58a80000 - 0x00007ffc58ab2000 	C:\Windows\SYSTEM32\dbgcore.DLL
0x00007ffc6f7d0000 - 0x00007ffc6f84b000 	C:\Windows\System32\bcryptPrimitives.dll
0x00007ffc590a0000 - 0x00007ffc590ae000 	C:\Users\hp\.jdks\corretto-17.0.11\bin\instrument.dll
0x00007ffc45dc0000 - 0x00007ffc45de5000 	C:\Users\hp\.jdks\corretto-17.0.11\bin\java.dll
0x00007ffc30d40000 - 0x00007ffc30e17000 	C:\Users\hp\.jdks\corretto-17.0.11\bin\jsvml.dll
0x00007ffc71050000 - 0x00007ffc718c8000 	C:\Windows\System32\SHELL32.dll
0x00007ffc6d3b0000 - 0x00007ffc6dcb8000 	C:\Windows\SYSTEM32\windows.storage.dll
0x00007ffc6d270000 - 0x00007ffc6d3af000 	C:\Windows\SYSTEM32\wintypes.dll
0x00007ffc70250000 - 0x00007ffc7034a000 	C:\Windows\System32\SHCORE.dll
0x00007ffc71f80000 - 0x00007ffc71fde000 	C:\Windows\System32\shlwapi.dll
0x00007ffc6f3f0000 - 0x00007ffc6f41b000 	C:\Windows\SYSTEM32\profapi.dll
0x00007ffc4b8b0000 - 0x00007ffc4b8c8000 	C:\Users\hp\.jdks\corretto-17.0.11\bin\zip.dll
0x00007ffc53fd0000 - 0x00007ffc53fe9000 	C:\Users\hp\.jdks\corretto-17.0.11\bin\net.dll
0x00007ffc6b1e0000 - 0x00007ffc6b316000 	C:\Windows\SYSTEM32\WINHTTP.dll
0x00007ffc6ea50000 - 0x00007ffc6eab9000 	C:\Windows\system32\mswsock.dll
0x00007ffc4be90000 - 0x00007ffc4bea6000 	C:\Users\hp\.jdks\corretto-17.0.11\bin\nio.dll
0x00007ffc47670000 - 0x00007ffc4768a000 	C:\Program Files\JetBrains\IntelliJ IDEA 2022.1\bin\breakgen64.dll
0x00007ffc52cd0000 - 0x00007ffc52cd9000 	C:\Users\hp\.jdks\corretto-17.0.11\bin\extnet.dll
0x00007ffc6ecc0000 - 0x00007ffc6ecdb000 	C:\Windows\SYSTEM32\CRYPTSP.dll
0x00007ffc6e430000 - 0x00007ffc6e465000 	C:\Windows\system32\rsaenh.dll
0x00007ffc6eb60000 - 0x00007ffc6eb88000 	C:\Windows\SYSTEM32\USERENV.dll
0x00007ffc6ece0000 - 0x00007ffc6ecec000 	C:\Windows\SYSTEM32\CRYPTBASE.dll
0x00007ffc6df20000 - 0x00007ffc6df4d000 	C:\Windows\SYSTEM32\IPHLPAPI.DLL
0x00007ffc71950000 - 0x00007ffc71959000 	C:\Windows\System32\NSI.dll
0x00007ffc68de0000 - 0x00007ffc68df9000 	C:\Windows\SYSTEM32\dhcpcsvc6.DLL
0x00007ffc687d0000 - 0x00007ffc687ef000 	C:\Windows\SYSTEM32\dhcpcsvc.DLL
0x00007ffc6df90000 - 0x00007ffc6e092000 	C:\Windows\SYSTEM32\DNSAPI.dll
0x00007ffc59020000 - 0x00007ffc59030000 	C:\Users\hp\.jdks\corretto-17.0.11\bin\verify.dll
0x00007ffc52c10000 - 0x00007ffc52c1e000 	C:\Users\hp\.jdks\corretto-17.0.11\bin\sunmscapi.dll
0x00007ffc6f4c0000 - 0x00007ffc6f626000 	C:\Windows\System32\CRYPT32.dll
0x00007ffc6ee80000 - 0x00007ffc6eead000 	C:\Windows\SYSTEM32\ncrypt.dll
0x00007ffc6ee40000 - 0x00007ffc6ee77000 	C:\Windows\SYSTEM32\NTASN1.dll
0x00007ffc678d0000 - 0x00007ffc678da000 	C:\Windows\System32\rasadhlp.dll
0x00007ffc67090000 - 0x00007ffc67113000 	C:\Windows\System32\fwpuclnt.dll
0x00007ffc4c520000 - 0x00007ffc4c528000 	C:\Windows\system32\wshunix.dll
0x00007ffc05470000 - 0x00007ffc05487000 	C:\Windows\system32\napinsp.dll
0x00007ffbee710000 - 0x00007ffbee72b000 	C:\Windows\system32\pnrpnsp.dll
0x00007ffbee6f0000 - 0x00007ffbee701000 	C:\Windows\System32\winrnr.dll
0x00007ffc69c10000 - 0x00007ffc69c25000 	C:\Windows\system32\wshbth.dll
0x00007ffc68e00000 - 0x00007ffc68e27000 	C:\Windows\system32\nlansp_c.dll

dbghelp: loaded successfully - version: 4.0.5 - missing functions: none
symbol engine: initialized successfully - sym options: 0x614 - pdb path: .;C:\Users\hp\.jdks\corretto-17.0.11\bin;C:\Windows\SYSTEM32;C:\Windows\WinSxS\amd64_microsoft.windows.common-controls_6595b64144ccf1df_6.0.22621.4541_none_2710d1c57384c085;C:\Users\hp\.jdks\corretto-17.0.11\bin\server;C:\Program Files\JetBrains\IntelliJ IDEA 2022.1\bin

VM Arguments:
jvm_args: -ea -Didea.test.cyclic.buffer.size=1048576 -javaagent:C:\Program Files\JetBrains\IntelliJ IDEA 2022.1\lib\idea_rt.jar=64238:C:\Program Files\JetBrains\IntelliJ IDEA 2022.1\bin -Dfile.encoding=UTF-8 
java_command: com.intellij.rt.testng.RemoteTestNGStarter -usedefaultlisteners false -socket64237 @w@C:\Users\hp\AppData\Local\Temp\idea_working_dirs_testng.tmp -temp C:\Users\hp\AppData\Local\Temp\idea_testng.tmp
java_class_path (initial): C:\Program Files\JetBrains\IntelliJ IDEA 2022.1\lib\idea_rt.jar;C:\Program Files\JetBrains\IntelliJ IDEA 2022.1\plugins\testng\lib\testng-rt.jar;D:\Hrcms\target\test-classes;C:\Users\hp\.m2\repository\com\google\code\gson\gson\2.10.1\gson-2.10.1.jar;C:\Users\hp\.m2\repository\org\seleniumhq\selenium\selenium-java\4.18.1\selenium-java-4.18.1.jar;C:\Users\hp\.m2\repository\org\seleniumhq\selenium\selenium-api\4.18.1\selenium-api-4.18.1.jar;C:\Users\hp\.m2\repository\org\seleniumhq\selenium\selenium-chrome-driver\4.18.1\selenium-chrome-driver-4.18.1.jar;C:\Users\hp\.m2\repository\org\seleniumhq\selenium\selenium-chromium-driver\4.18.1\selenium-chromium-driver-4.18.1.jar;C:\Users\hp\.m2\repository\org\seleniumhq\selenium\selenium-manager\4.18.1\selenium-manager-4.18.1.jar;C:\Users\hp\.m2\repository\org\seleniumhq\selenium\selenium-devtools-v121\4.18.1\selenium-devtools-v121-4.18.1.jar;C:\Users\hp\.m2\repository\org\seleniumhq\selenium\selenium-devtools-v122\4.18.1\selenium-devtools-v122-4.18.1.jar;C:\Users\hp\.m2\repository\org\seleniumhq\selenium\selenium-devtools-v85\4.18.1\selenium-devtools-v85-4.18.1.jar;C:\Users\hp\.m2\repository\org\seleniumhq\selenium\selenium-edge-driver\4.18.1\selenium-edge-driver-4.18.1.jar;C:\Users\hp\.m2\repository\org\seleniumhq\selenium\selenium-firefox-driver\4.18.1\selenium-firefox-driver-4.18.1.jar;C:\Users\hp\.m2\repository\org\seleniumhq\selenium\selenium-http\4.18.1\selenium-http-4.18.1.jar;C:\Users\hp\.m2\repository\dev\failsafe\failsafe\3.3.2\failsafe-3.3.2.jar;C:\Users\hp\.m2\repository\org\seleniumhq\selenium\selenium-ie-driver\4.18.1\selenium-ie-driver-4.18.1.jar;C:\Users\hp\.m2\repository\org\seleniumhq\selenium\selenium-remote-driver\4.18.1\selenium-remote-driver-4.18.1.jar;C:\Users\hp\.m2\repository\com\google\guava\guava\33.0.0-jre\guava-33.0.0-jre.jar;C:\Users\hp\.m2\repository\com\google\guava\failureaccess\1.0.2\failureaccess-1.0.2.jar;C:\Users\hp\.m2\repository\com\google\guava\listenablefutu
Launcher Type: SUN_STANDARD

[Global flags]
     intx CICompilerCount                          = 4                                         {product} {ergonomic}
     uint ConcGCThreads                            = 2                                         {product} {ergonomic}
     uint G1ConcRefinementThreads                  = 8                                         {product} {ergonomic}
   size_t G1HeapRegionSize                         = 4194304                                   {product} {ergonomic}
    uintx GCDrainStackTargetSize                   = 64                                        {product} {ergonomic}
   size_t InitialHeapSize                          = 335544320                                 {product} {ergonomic}
   size_t MarkStackSize                            = 4194304                                   {product} {ergonomic}
   size_t MaxHeapSize                              = 5318377472                                {product} {ergonomic}
   size_t MaxNewSize                               = 3187671040                                {product} {ergonomic}
   size_t MinHeapDeltaBytes                        = 4194304                                   {product} {ergonomic}
   size_t MinHeapSize                              = 8388608                                   {product} {ergonomic}
    uintx NonNMethodCodeHeapSize                   = 5839372                                {pd product} {ergonomic}
    uintx NonProfiledCodeHeapSize                  = 122909434                              {pd product} {ergonomic}
    uintx ProfiledCodeHeapSize                     = 122909434                              {pd product} {ergonomic}
    uintx ReservedCodeCacheSize                    = 251658240                              {pd product} {ergonomic}
     bool SegmentedCodeCache                       = true                                      {product} {ergonomic}
   size_t SoftMaxHeapSize                          = 5318377472                             {manageable} {ergonomic}
     bool UseCompressedClassPointers               = true                           {product lp64_product} {ergonomic}
     bool UseCompressedOops                        = true                           {product lp64_product} {ergonomic}
     bool UseG1GC                                  = true                                      {product} {ergonomic}
     bool UseLargePagesIndividualAllocation        = false                                  {pd product} {ergonomic}

Logging:
Log output configuration:
 #0: stdout all=warning uptime,level,tags
 #1: stderr all=off uptime,level,tags

Environment Variables:
JAVA_HOME=C:\Program Files\Java\jdk-22
PATH=C:\Program Files\Common Files\Oracle\Java\javapath;C:\Windows\system32;C:\Windows;C:\Windows\System32\Wbem;C:\Windows\System32\WindowsPowerShell\v1.0\;C:\Windows\System32\OpenSSH\;C:\Program Files\Git\cmd;C:\Program Files\nodejs\;C:\Program Files (x86)\Microsoft SQL Server\160\Tools\Binn\;C:\Program Files\Microsoft SQL Server\160\Tools\Binn\;C:\Program Files\Microsoft SQL Server\Client SDK\ODBC\170\Tools\Binn\;C:\Program Files\Microsoft SQL Server\160\DTS\Binn\;C:\Program Files (x86)\Microsoft SQL Server\160\DTS\Binn\;C:\Program Files\Azure Data Studio\bin;C:\Users\hp\AppData\Local\Android\Sdk\bin;C:\Users\hp\AppData\Local\Android\Sdk\build-tools;C:\Users\hp\AppData\Local\Android\Sdk\platform-tools;C:\Users\hp\AppData\Local\Microsoft\WindowsApps;;C:\Program Files\JetBrains\IntelliJ IDEA 2022.1\bin;;C:\Users\hp\AppData\Roaming\npm;C:\Program Files\JetBrains\WebStorm 2022.1\bin;;C:\Program Files\Azure Data Studio\bin
USERNAME=hp
OS=Windows_NT
PROCESSOR_IDENTIFIER=Intel64 Family 6 Model 140 Stepping 1, GenuineIntel
TMP=C:\Users\hp\AppData\Local\Temp
TEMP=C:\Users\hp\AppData\Local\Temp



Periodic native trim disabled


---------------  S Y S T E M  ---------------

OS:
 Windows 11 , 64 bit Build 22621 (10.0.22621.4391)
OS uptime: 6 days 22:06 hours
Hyper-V role detected

CPU: total 8 (initial active 8) (4 cores per cpu, 2 threads per core) family 6 model 140 stepping 1 microcode 0x9a, cx8, cmov, fxsr, ht, mmx, 3dnowpref, sse, sse2, sse3, ssse3, sse4.1, sse4.2, popcnt, lzcnt, tsc, tscinvbit, avx, avx2, aes, erms, clmul, bmi1, bmi2, adx, avx512f, avx512dq, avx512cd, avx512bw, avx512vl, sha, fma, vzeroupper, avx512_vpopcntdq, avx512_vpclmulqdq, avx512_vaes, avx512_vnni, clflush, clflushopt, clwb, avx512_vbmi2, avx512_vbmi, hv
Processor Information for all 8 processors :
  Max Mhz: 2419, Current Mhz: 2419, Mhz Limit: 2419

Memory: 4k page, system-wide physical 20279M (379M free)
TotalPageFile size 36061M (AvailPageFile size 4M)
current process WorkingSet (physical memory assigned to process): 1136M, peak: 1139M
current process commit charge ("private bytes"): 1740M, peak: 1744M

vm_info: OpenJDK 64-Bit Server VM (17.0.11+9-LTS) for windows-amd64 JRE (17.0.11+9-LTS), built on Apr 10 2024 22:12:24 by "Administrator" with MS VC++ 16.10 / 16.11 (VS2019)

END.
